--
-- PostgreSQL database dump
--

-- Dumped from database version 17.4
-- Dumped by pg_dump version 17.4

SET statement_timeout = 0;
SET lock_timeout = 0;
SET idle_in_transaction_session_timeout = 0;
SET transaction_timeout = 0;
SET client_encoding = 'UTF8';
SET standard_conforming_strings = on;
SELECT pg_catalog.set_config('search_path', '', false);
SET check_function_bodies = false;
SET xmloption = content;
SET client_min_messages = warning;
SET row_security = off;

SET default_tablespace = '';

SET default_table_access_method = heap;

--
-- Name: drivers; Type: TABLE; Schema: public; Owner: postgres
--

CREATE TABLE public.drivers (
    driver_id integer NOT NULL,
    driver_code character varying(50) NOT NULL,
    first_name character varying(100) NOT NULL,
    last_name character varying(100) NOT NULL,
    driver_type character varying(20),
    driver_photo character varying(255),
    cr_expiry_date date,
    or_expiry_date date,
    driver_license_no character varying(50),
    is_active boolean DEFAULT true,
    CONSTRAINT drivers_driver_type_check CHECK (((driver_type)::text = ANY (ARRAY[('professional'::character varying)::text, ('student'::character varying)::text, ('non-professional'::character varying)::text])))
);


ALTER TABLE public.drivers OWNER TO postgres;

--
-- Name: drivers_driver_id_seq; Type: SEQUENCE; Schema: public; Owner: postgres
--

CREATE SEQUENCE public.drivers_driver_id_seq
    AS integer
    START WITH 1
    INCREMENT BY 1
    NO MINVALUE
    NO MAXVALUE
    CACHE 1;


ALTER SEQUENCE public.drivers_driver_id_seq OWNER TO postgres;

--
-- Name: drivers_driver_id_seq; Type: SEQUENCE OWNED BY; Schema: public; Owner: postgres
--

ALTER SEQUENCE public.drivers_driver_id_seq OWNED BY public.drivers.driver_id;


--
-- Name: login_log; Type: TABLE; Schema: public; Owner: postgres
--

CREATE TABLE public.login_log (
    login_id integer NOT NULL,
    user_id integer NOT NULL,
    login_time timestamp without time zone DEFAULT CURRENT_TIMESTAMP,
    success boolean
);


ALTER TABLE public.login_log OWNER TO postgres;

--
-- Name: login_log_login_id_seq; Type: SEQUENCE; Schema: public; Owner: postgres
--

CREATE SEQUENCE public.login_log_login_id_seq
    AS integer
    START WITH 1
    INCREMENT BY 1
    NO MINVALUE
    NO MAXVALUE
    CACHE 1;


ALTER SEQUENCE public.login_log_login_id_seq OWNER TO postgres;

--
-- Name: login_log_login_id_seq; Type: SEQUENCE OWNED BY; Schema: public; Owner: postgres
--

ALTER SEQUENCE public.login_log_login_id_seq OWNED BY public.login_log.login_id;


--
-- Name: logs; Type: TABLE; Schema: public; Owner: postgres
--

CREATE TABLE public.logs (
    log_id integer NOT NULL,
    rfid_tag character varying(50) NOT NULL,
    driver_id integer,
    time_logged timestamp without time zone DEFAULT CURRENT_TIMESTAMP,
    remarks character varying(50),
    CONSTRAINT valid_remarks CHECK (((remarks)::text = ANY (ARRAY[('Time In'::character varying)::text, ('Time Out'::character varying)::text])))
);


ALTER TABLE public.logs OWNER TO postgres;

--
-- Name: logs_log_id_seq; Type: SEQUENCE; Schema: public; Owner: postgres
--

CREATE SEQUENCE public.logs_log_id_seq
    AS integer
    START WITH 1
    INCREMENT BY 1
    NO MINVALUE
    NO MAXVALUE
    CACHE 1;


ALTER SEQUENCE public.logs_log_id_seq OWNER TO postgres;

--
-- Name: logs_log_id_seq; Type: SEQUENCE OWNED BY; Schema: public; Owner: postgres
--

ALTER SEQUENCE public.logs_log_id_seq OWNED BY public.logs.log_id;


--
-- Name: proprietors; Type: TABLE; Schema: public; Owner: postgres
--

CREATE TABLE public.proprietors (
    proprietor_id integer NOT NULL,
    first_name character varying(100) NOT NULL,
    last_name character varying(100) NOT NULL
);


ALTER TABLE public.proprietors OWNER TO postgres;

--
-- Name: proprietors_proprietor_id_seq; Type: SEQUENCE; Schema: public; Owner: postgres
--

CREATE SEQUENCE public.proprietors_proprietor_id_seq
    AS integer
    START WITH 1
    INCREMENT BY 1
    NO MINVALUE
    NO MAXVALUE
    CACHE 1;


ALTER SEQUENCE public.proprietors_proprietor_id_seq OWNER TO postgres;

--
-- Name: proprietors_proprietor_id_seq; Type: SEQUENCE OWNED BY; Schema: public; Owner: postgres
--

ALTER SEQUENCE public.proprietors_proprietor_id_seq OWNED BY public.proprietors.proprietor_id;


--
-- Name: roles; Type: TABLE; Schema: public; Owner: postgres
--

CREATE TABLE public.roles (
    role_id integer NOT NULL,
    role_name character varying(20),
    CONSTRAINT roles_role_name_check CHECK (((role_name)::text = ANY (ARRAY[('admin'::character varying)::text, ('viewer'::character varying)::text])))
);


ALTER TABLE public.roles OWNER TO postgres;

--
-- Name: roles_role_id_seq; Type: SEQUENCE; Schema: public; Owner: postgres
--

CREATE SEQUENCE public.roles_role_id_seq
    AS integer
    START WITH 1
    INCREMENT BY 1
    NO MINVALUE
    NO MAXVALUE
    CACHE 1;


ALTER SEQUENCE public.roles_role_id_seq OWNER TO postgres;

--
-- Name: roles_role_id_seq; Type: SEQUENCE OWNED BY; Schema: public; Owner: postgres
--

ALTER SEQUENCE public.roles_role_id_seq OWNED BY public.roles.role_id;


--
-- Name: users; Type: TABLE; Schema: public; Owner: postgres
--

CREATE TABLE public.users (
    user_id integer NOT NULL,
    username character varying(100) NOT NULL,
    password character varying(255) NOT NULL,
    role_id integer NOT NULL
);


ALTER TABLE public.users OWNER TO postgres;

--
-- Name: users_user_id_seq; Type: SEQUENCE; Schema: public; Owner: postgres
--

CREATE SEQUENCE public.users_user_id_seq
    AS integer
    START WITH 1
    INCREMENT BY 1
    NO MINVALUE
    NO MAXVALUE
    CACHE 1;


ALTER SEQUENCE public.users_user_id_seq OWNER TO postgres;

--
-- Name: users_user_id_seq; Type: SEQUENCE OWNED BY; Schema: public; Owner: postgres
--

ALTER SEQUENCE public.users_user_id_seq OWNED BY public.users.user_id;


--
-- Name: vehicles; Type: TABLE; Schema: public; Owner: postgres
--

CREATE TABLE public.vehicles (
    vehicle_id integer NOT NULL,
    plate_id character varying(50) NOT NULL,
    plate_number character varying(50) NOT NULL,
    model character varying(100) NOT NULL,
    proprietor_id integer,
    driver_id integer,
    registered_at timestamp without time zone DEFAULT CURRENT_TIMESTAMP
);


ALTER TABLE public.vehicles OWNER TO postgres;

--
-- Name: vehicles_vehicle_id_seq; Type: SEQUENCE; Schema: public; Owner: postgres
--

CREATE SEQUENCE public.vehicles_vehicle_id_seq
    AS integer
    START WITH 1
    INCREMENT BY 1
    NO MINVALUE
    NO MAXVALUE
    CACHE 1;


ALTER SEQUENCE public.vehicles_vehicle_id_seq OWNER TO postgres;

--
-- Name: vehicles_vehicle_id_seq; Type: SEQUENCE OWNED BY; Schema: public; Owner: postgres
--

ALTER SEQUENCE public.vehicles_vehicle_id_seq OWNED BY public.vehicles.vehicle_id;


--
-- Name: drivers driver_id; Type: DEFAULT; Schema: public; Owner: postgres
--

ALTER TABLE ONLY public.drivers ALTER COLUMN driver_id SET DEFAULT nextval('public.drivers_driver_id_seq'::regclass);


--
-- Name: login_log login_id; Type: DEFAULT; Schema: public; Owner: postgres
--

ALTER TABLE ONLY public.login_log ALTER COLUMN login_id SET DEFAULT nextval('public.login_log_login_id_seq'::regclass);


--
-- Name: logs log_id; Type: DEFAULT; Schema: public; Owner: postgres
--

ALTER TABLE ONLY public.logs ALTER COLUMN log_id SET DEFAULT nextval('public.logs_log_id_seq'::regclass);


--
-- Name: proprietors proprietor_id; Type: DEFAULT; Schema: public; Owner: postgres
--

ALTER TABLE ONLY public.proprietors ALTER COLUMN proprietor_id SET DEFAULT nextval('public.proprietors_proprietor_id_seq'::regclass);


--
-- Name: roles role_id; Type: DEFAULT; Schema: public; Owner: postgres
--

ALTER TABLE ONLY public.roles ALTER COLUMN role_id SET DEFAULT nextval('public.roles_role_id_seq'::regclass);


--
-- Name: users user_id; Type: DEFAULT; Schema: public; Owner: postgres
--

ALTER TABLE ONLY public.users ALTER COLUMN user_id SET DEFAULT nextval('public.users_user_id_seq'::regclass);


--
-- Name: vehicles vehicle_id; Type: DEFAULT; Schema: public; Owner: postgres
--

ALTER TABLE ONLY public.vehicles ALTER COLUMN vehicle_id SET DEFAULT nextval('public.vehicles_vehicle_id_seq'::regclass);


--
-- Data for Name: drivers; Type: TABLE DATA; Schema: public; Owner: postgres
--

COPY public.drivers (driver_id, driver_code, first_name, last_name, driver_type, driver_photo, cr_expiry_date, or_expiry_date, driver_license_no, is_active) FROM stdin;
7	4819E9	Bogart	Dela Cruz	professional	C:/Users/cruiz/OneDrive/Pictures/ss_santol.png	2000-01-01	2000-01-05	wgq	t
8	4819E1	John	Doe	professional	images\\Allen_Cruiz.png	2000-01-01	2021-01-01	132-ABC	t
16	yyyy	wfwfw	qwfqwf	non-professional	media/unknown.jpg	2025-03-10	2025-03-10	wqfwq	t
\.


--
-- Data for Name: login_log; Type: TABLE DATA; Schema: public; Owner: postgres
--

COPY public.login_log (login_id, user_id, login_time, success) FROM stdin;
1	1	2025-01-30 01:50:53.364452	t
2	1	2025-01-30 01:53:39.613309	t
3	1	2025-01-30 01:56:26.790419	t
4	1	2025-01-30 02:03:44.681485	t
5	1	2025-01-30 03:21:01.912482	f
6	1	2025-01-30 03:21:03.767589	f
7	1	2025-01-30 03:21:05.882746	f
8	1	2025-01-30 03:21:50.211081	t
9	1	2025-01-30 03:47:11.3878	t
10	1	2025-01-30 03:58:47.024742	t
11	2	2025-01-30 04:57:37.32347	t
12	1	2025-01-30 04:58:25.372784	t
13	1	2025-01-30 04:58:55.882797	t
14	1	2025-01-30 04:59:15.790323	t
15	2	2025-01-30 05:00:55.373412	t
16	1	2025-01-30 05:01:02.945372	t
17	2	2025-01-30 05:11:10.994696	t
18	2	2025-01-30 05:22:37.30192	t
19	2	2025-01-30 05:23:32.744579	t
20	2	2025-01-30 05:24:09.426323	t
21	2	2025-01-30 05:27:41.668339	t
22	2	2025-01-30 05:28:05.563805	t
23	2	2025-01-30 05:42:20.648119	t
24	1	2025-02-02 13:55:16.248296	t
25	2	2025-02-02 13:55:52.614385	f
26	2	2025-02-02 13:57:07.239043	f
27	2	2025-02-02 13:57:11.699242	t
28	2	2025-02-02 13:57:32.265536	t
29	1	2025-02-02 14:13:02.768831	t
30	1	2025-02-02 14:15:37.109814	t
31	1	2025-02-02 14:16:50.148055	t
32	1	2025-02-10 22:40:06.658901	f
33	1	2025-02-10 22:40:21.162149	t
34	2	2025-02-11 00:17:20.476788	f
35	2	2025-02-11 00:17:23.443438	t
36	2	2025-02-11 00:18:23.000496	t
37	2	2025-02-11 00:19:06.78479	t
38	1	2025-02-11 00:40:05.73949	f
39	1	2025-02-11 00:41:45.516721	f
40	1	2025-02-11 00:43:14.908645	f
41	1	2025-02-11 00:43:53.189315	t
42	2	2025-02-11 00:44:16.754062	t
43	1	2025-02-11 00:50:28.381661	t
44	1	2025-02-11 00:55:51.405868	t
45	1	2025-02-11 00:58:11.445695	t
46	2	2025-02-11 00:58:47.548901	t
47	1	2025-02-11 00:59:24.780731	t
48	1	2025-02-11 01:02:50.394769	t
49	1	2025-02-11 01:34:27.429143	t
50	1	2025-02-11 01:35:42.918466	t
51	1	2025-02-11 01:37:09.5101	t
52	1	2025-02-11 01:38:06.750442	t
53	1	2025-02-11 01:40:47.743232	t
54	1	2025-02-11 01:41:47.329271	t
55	1	2025-02-11 01:45:11.212682	t
56	1	2025-02-11 01:52:48.764895	t
57	1	2025-02-11 01:55:42.112653	t
58	1	2025-02-11 01:57:13.403914	t
59	1	2025-02-11 02:00:48.85489	t
60	1	2025-02-11 02:10:03.702936	t
61	1	2025-02-11 02:10:31.639785	t
62	2	2025-02-11 02:17:30.148441	t
63	2	2025-02-11 02:18:43.692777	t
64	2	2025-02-11 02:19:20.938453	t
65	1	2025-02-11 02:24:58.955013	t
66	2	2025-02-11 02:25:11.420653	t
67	2	2025-02-11 21:52:36.212755	t
68	1	2025-02-11 22:14:50.033974	t
69	1	2025-02-11 22:38:29.25109	t
70	2	2025-02-12 01:34:29.961259	f
71	2	2025-02-12 01:34:32.823312	t
72	2	2025-02-12 01:35:04.54925	t
73	2	2025-02-12 01:36:46.647677	t
74	2	2025-02-12 01:39:43.201117	t
75	2	2025-02-12 01:47:34.782345	t
76	1	2025-02-12 01:48:15.599631	t
77	2	2025-02-12 01:48:58.420084	t
78	1	2025-02-12 01:53:19.309677	t
79	2	2025-02-12 01:55:28.066365	t
80	1	2025-02-16 14:20:42.517287	t
81	1	2025-02-16 15:30:58.290936	t
82	1	2025-02-17 00:55:59.422502	t
83	1	2025-02-17 00:56:42.945696	t
84	1	2025-02-17 00:56:54.369214	t
85	1	2025-02-17 01:09:07.281964	t
86	1	2025-02-17 01:33:07.169442	t
87	1	2025-02-17 02:03:55.99441	t
88	1	2025-02-17 02:04:53.418018	t
89	1	2025-02-17 02:06:00.092141	t
90	1	2025-02-17 02:06:41.223813	t
91	1	2025-02-17 02:15:14.105284	t
92	1	2025-02-17 02:19:00.005785	t
93	1	2025-02-17 02:20:47.803906	t
94	1	2025-02-17 02:22:01.71039	t
95	1	2025-02-17 03:07:22.214288	t
96	1	2025-02-17 03:13:39.179049	t
97	1	2025-02-17 03:40:53.349734	t
98	2	2025-02-17 03:44:00.881493	t
99	1	2025-02-17 03:56:46.631953	t
100	1	2025-02-17 03:57:48.622598	t
101	1	2025-02-17 03:59:05.498499	t
102	1	2025-02-17 04:00:34.058048	t
103	1	2025-02-17 04:10:55.049406	t
104	1	2025-02-17 04:14:41.818336	t
105	1	2025-02-17 04:16:01.738486	t
106	1	2025-02-17 04:17:00.758808	t
107	1	2025-02-17 04:19:00.639102	t
108	1	2025-02-17 04:23:45.476903	t
109	1	2025-02-17 04:26:39.150215	t
110	1	2025-02-17 04:27:23.578463	t
111	1	2025-02-17 04:27:51.231165	t
112	1	2025-02-17 04:29:59.585317	t
113	1	2025-02-17 04:32:43.324733	f
114	1	2025-02-17 04:32:44.862572	t
115	1	2025-02-17 04:37:22.924423	t
116	1	2025-02-17 04:38:28.829775	t
117	1	2025-02-17 04:41:14.448957	t
118	1	2025-02-17 04:42:30.792814	t
119	1	2025-02-17 04:47:09.332945	t
120	1	2025-02-17 04:54:51.553313	t
121	1	2025-02-17 04:55:30.837557	t
122	2	2025-02-17 16:14:07.227367	t
123	2	2025-02-17 16:31:44.602865	t
124	2	2025-02-17 16:32:06.297271	t
125	2	2025-02-17 16:32:29.221955	t
126	1	2025-02-18 10:49:15.493501	t
127	1	2025-02-18 10:52:12.678432	t
128	1	2025-02-18 10:54:08.871868	t
129	1	2025-02-18 10:58:45.077942	t
130	1	2025-02-18 11:04:07.678362	t
131	2	2025-02-18 12:37:45.168724	t
132	2	2025-02-18 12:45:18.452841	t
133	2	2025-02-18 12:52:05.209042	t
134	2	2025-02-18 12:55:26.82721	t
135	2	2025-02-18 12:58:05.277762	t
136	2	2025-02-18 12:58:51.246197	t
137	2	2025-02-18 12:59:12.650356	t
138	2	2025-02-18 12:59:42.975813	t
139	2	2025-02-18 13:07:32.324415	t
140	2	2025-02-18 13:09:19.598787	t
141	2	2025-02-18 13:13:46.397125	t
142	2	2025-02-18 13:14:13.610619	t
143	2	2025-02-18 13:15:05.267255	t
144	1	2025-02-18 13:34:46.613463	t
145	1	2025-02-18 13:35:05.93106	t
146	1	2025-02-18 13:36:07.732105	t
147	1	2025-02-18 13:37:00.628618	t
148	1	2025-02-18 13:47:40.622212	t
149	1	2025-02-18 13:47:59.992699	t
150	1	2025-02-18 13:49:14.054738	t
151	1	2025-02-18 13:53:54.693198	t
152	1	2025-02-18 13:55:10.734519	t
153	1	2025-02-18 13:56:10.300811	t
154	2	2025-02-18 13:59:45.192964	t
155	1	2025-02-19 02:15:02.467851	t
156	2	2025-02-19 02:15:12.0382	t
157	2	2025-02-19 02:16:03.126849	t
158	2	2025-02-19 02:20:55.045627	t
159	2	2025-02-19 02:24:30.58532	t
160	2	2025-02-19 04:10:25.408405	t
161	2	2025-02-19 04:14:31.249367	t
162	2	2025-02-19 04:14:57.544672	t
163	2	2025-02-19 04:19:00.223119	t
164	2	2025-02-19 04:19:32.579083	t
165	2	2025-02-19 04:23:17.80634	t
166	2	2025-02-19 04:23:42.466594	t
167	2	2025-02-19 04:26:07.07584	t
168	2	2025-02-19 04:28:11.929369	t
169	2	2025-02-19 04:29:56.144304	t
170	2	2025-02-19 04:32:38.399792	t
171	2	2025-02-19 04:34:16.703361	t
172	2	2025-02-19 04:35:32.963467	t
173	2	2025-02-19 04:37:47.192303	t
174	2	2025-02-19 04:40:53.221712	t
175	2	2025-02-19 04:47:16.793929	t
176	2	2025-02-19 04:50:07.437457	t
177	2	2025-02-19 04:55:50.880579	t
178	2	2025-02-19 04:57:14.098635	t
179	2	2025-02-19 04:57:41.800348	t
180	2	2025-02-19 04:57:56.018577	t
181	2	2025-02-19 04:58:17.455123	t
182	2	2025-02-19 05:00:54.755635	t
183	2	2025-02-19 05:01:31.194787	t
184	2	2025-02-19 05:04:20.152029	t
185	2	2025-02-19 05:07:42.433096	t
186	2	2025-02-19 05:15:11.339515	t
187	2	2025-02-19 05:18:54.692202	t
188	2	2025-02-19 05:19:21.392283	t
189	2	2025-02-19 05:20:33.122547	t
190	1	2025-03-05 03:27:40.556076	t
191	1	2025-03-05 03:30:01.215603	t
192	1	2025-03-05 03:30:32.005497	f
193	1	2025-03-05 03:30:34.804565	t
194	1	2025-03-05 03:35:21.482915	t
195	1	2025-03-05 03:36:33.310066	t
196	1	2025-03-05 03:38:41.302161	t
197	1	2025-03-05 03:38:58.470561	t
198	1	2025-03-05 03:44:50.872661	t
199	1	2025-03-05 03:46:37.352992	t
200	1	2025-03-05 03:47:04.518048	t
201	1	2025-03-06 07:03:57.966205	t
202	1	2025-03-06 07:13:21.036531	t
203	1	2025-03-06 07:19:57.849412	t
204	1	2025-03-06 07:23:53.470705	t
205	1	2025-03-06 11:24:21.46465	t
206	2	2025-03-10 03:02:21.257978	f
207	2	2025-03-10 03:02:24.83787	t
208	1	2025-03-10 03:02:42.302855	f
209	1	2025-03-10 03:02:43.863447	t
210	1	2025-03-10 03:04:16.874633	t
211	1	2025-03-10 03:05:48.516568	t
212	1	2025-03-10 03:09:11.590381	t
213	1	2025-03-10 03:09:24.311943	t
214	1	2025-03-10 03:11:42.20265	t
215	1	2025-03-10 03:12:29.629735	t
216	1	2025-03-10 03:15:53.442424	t
217	1	2025-03-10 03:17:49.260017	t
218	1	2025-03-10 03:20:25.77771	t
219	1	2025-03-10 03:21:14.95797	t
220	1	2025-03-10 03:22:19.364069	t
221	1	2025-03-10 04:59:20.663918	t
222	2	2025-03-10 05:00:23.538332	t
223	1	2025-03-10 05:22:20.686912	t
224	2	2025-03-10 05:22:30.378911	t
225	2	2025-03-10 05:23:02.957941	t
226	1	2025-03-10 05:23:45.525326	t
227	1	2025-03-10 05:25:02.743387	t
228	2	2025-03-10 05:25:35.840341	t
229	2	2025-03-10 05:26:40.333322	t
230	2	2025-03-10 05:27:51.835468	t
231	2	2025-03-10 05:28:55.331955	t
232	1	2025-03-10 05:30:54.994336	t
233	2	2025-03-10 05:34:21.585744	t
234	2	2025-03-10 05:36:16.765442	t
235	2	2025-03-10 05:38:49.682152	t
236	2	2025-03-10 05:39:15.293291	t
237	2	2025-03-10 05:40:58.31746	t
238	2	2025-03-10 05:42:02.416431	t
239	1	2025-03-10 05:48:31.846761	t
240	2	2025-03-10 05:53:56.578481	t
241	1	2025-03-11 07:10:20.400256	t
242	1	2025-03-13 04:43:52.236561	t
243	1	2025-03-13 04:49:51.664221	t
244	1	2025-03-13 04:51:20.527358	t
245	1	2025-03-13 04:51:42.196428	t
246	1	2025-03-13 04:53:27.757272	t
247	1	2025-03-13 05:13:08.509925	t
248	1	2025-03-13 05:14:10.802778	t
249	1	2025-03-13 05:17:56.096796	t
250	1	2025-03-13 05:18:57.231464	t
251	1	2025-03-13 05:20:27.433561	t
252	1	2025-03-13 05:34:20.011034	t
253	1	2025-03-13 05:35:57.722523	t
254	1	2025-03-13 05:46:31.318235	t
255	1	2025-03-13 05:47:02.030286	t
256	1	2025-03-13 06:10:11.75964	t
257	1	2025-03-13 06:12:16.359127	t
258	1	2025-03-13 06:16:55.180307	t
259	1	2025-03-13 06:17:26.976665	t
260	1	2025-03-13 06:28:31.768642	t
261	1	2025-03-13 06:29:41.492865	t
262	1	2025-03-13 06:31:25.738191	t
263	2	2025-03-13 06:31:39.993319	t
264	2	2025-03-13 06:33:37.145521	t
265	1	2025-03-13 06:43:11.654958	t
266	2	2025-03-13 06:43:23.393276	t
267	2	2025-03-13 06:48:58.785562	t
268	1	2025-03-13 06:57:04.874838	t
269	1	2025-03-13 06:58:00.327068	t
270	1	2025-03-17 16:24:16.920109	t
271	1	2025-03-17 16:34:58.617941	t
272	1	2025-03-17 16:44:13.530809	t
273	1	2025-03-17 16:47:51.813828	t
274	1	2025-03-17 17:11:08.333898	t
275	1	2025-03-17 17:16:30.143897	t
276	1	2025-03-17 17:54:22.237733	t
277	1	2025-03-17 17:58:37.89283	t
278	1	2025-03-17 18:27:01.263249	t
279	1	2025-03-17 18:47:26.394018	t
280	1	2025-03-17 19:16:54.331845	t
281	1	2025-03-17 19:19:44.754325	t
282	1	2025-03-17 19:21:16.301118	t
283	1	2025-03-17 19:21:35.105485	t
284	1	2025-03-17 19:23:02.909946	t
285	2	2025-03-17 19:23:28.298346	t
286	2	2025-03-17 19:24:24.262881	t
287	1	2025-03-18 01:59:14.17856	t
288	1	2025-03-18 02:00:40.141274	t
289	1	2025-03-18 04:20:20.707582	t
290	1	2025-03-18 04:36:02.784455	t
291	1	2025-03-18 05:46:49.137125	t
292	1	2025-03-18 05:47:46.730277	t
293	1	2025-03-20 04:24:49.897385	t
294	1	2025-03-20 04:25:39.58333	t
295	1	2025-03-20 04:26:32.171729	t
296	1	2025-03-20 04:31:22.388629	t
297	1	2025-03-20 04:33:19.100487	t
298	1	2025-03-20 04:33:48.721206	t
299	1	2025-03-20 04:36:44.233563	t
300	1	2025-03-20 04:41:31.885641	t
301	1	2025-03-20 04:43:38.396274	t
302	2	2025-03-20 05:05:39.006494	t
303	2	2025-03-20 05:07:15.427658	t
304	2	2025-03-20 05:08:35.855996	t
305	2	2025-03-20 05:10:16.307188	t
306	2	2025-03-20 05:11:42.69433	t
307	2	2025-03-20 05:14:13.330238	t
308	2	2025-03-20 05:16:58.437737	t
309	2	2025-03-20 05:17:25.729387	t
310	2	2025-03-20 05:18:01.536428	t
311	1	2025-03-26 02:26:19.77048	t
312	2	2025-03-26 02:27:08.347698	t
313	2	2025-03-26 02:36:45.577322	t
314	2	2025-03-26 02:45:30.390972	t
315	2	2025-03-26 02:57:33.391869	t
316	1	2025-03-26 03:14:10.646086	t
317	2	2025-03-26 03:14:47.866654	t
318	1	2025-03-26 03:23:52.208763	t
319	2	2025-03-26 04:06:31.964364	t
320	2	2025-03-26 04:08:20.334885	t
321	2	2025-03-26 04:09:40.635713	t
322	2	2025-03-26 04:13:02.910066	t
323	2	2025-03-26 04:15:34.371145	t
324	2	2025-03-26 04:23:05.399377	t
325	2	2025-03-26 04:23:21.801759	t
326	2	2025-03-26 04:26:48.17205	t
327	2	2025-03-26 04:33:31.272176	t
328	2	2025-03-26 04:34:12.195751	t
329	2	2025-03-26 04:35:18.855761	t
330	2	2025-03-26 05:19:14.905039	t
331	2	2025-03-26 05:23:59.469418	t
332	2	2025-03-26 05:26:10.687884	t
333	2	2025-03-26 05:35:06.799432	t
334	2	2025-03-26 05:42:33.527579	t
335	2	2025-03-26 05:48:46.742223	f
336	2	2025-03-26 05:48:50.18543	f
337	2	2025-03-26 05:48:58.512111	f
338	2	2025-03-26 05:49:17.78469	t
339	2	2025-03-26 05:50:51.324609	t
340	2	2025-03-26 05:56:15.162223	t
341	2	2025-03-26 06:06:28.437381	t
342	2	2025-03-26 06:06:48.703956	t
343	2	2025-03-26 06:08:50.612735	t
344	2	2025-03-26 06:44:29.554522	t
\.


--
-- Data for Name: logs; Type: TABLE DATA; Schema: public; Owner: postgres
--

COPY public.logs (log_id, rfid_tag, driver_id, time_logged, remarks) FROM stdin;
541	4819E1	8	2025-02-19 05:01:33.739481	Time Out
542	4819E9	7	2025-02-19 05:01:36.415673	Time Out
570	4819E9	7	2025-02-19 05:19:22.037062	Time Out
571	4819E1	8	2025-02-19 05:19:30.326186	Time In
572	481921	\N	2025-02-19 05:20:04.516981	Time Out
573	C873FA	\N	2025-02-19 05:20:04.531589	Time In
574	4819E9	7	2025-02-19 05:20:04.752401	Time In
575	C873FB	\N	2025-02-19 05:20:04.774171	Time Out
576	481929	\N	2025-02-19 05:20:04.796368	Time In
577	481961	\N	2025-02-19 05:20:07.401907	Time Out
619	4819E9	7	2025-03-10 05:26:43.103479	Time In
620	4819E1	8	2025-03-10 05:27:07.499029	Time In
621	4819E9	7	2025-03-10 05:27:13.136019	Time Out
622	C873FA	\N	2025-03-10 05:27:13.251401	Time In
623	481929	\N	2025-03-10 05:27:13.266269	Time In
624	C873FB	\N	2025-03-10 05:27:13.278319	Time In
662	08004A	\N	2025-03-10 05:39:15.536813	Time In
663	4819E1	8	2025-03-10 05:39:19.400286	Time Out
664	4819E9	7	2025-03-10 05:39:23.487592	Time In
665	1A08FE	\N	2025-03-10 05:39:23.820596	Time Out
666	481961	\N	2025-03-10 05:39:24.378512	Time Out
667	C873FA	\N	2025-03-10 05:39:24.391949	Time In
668	1A0866	\N	2025-03-10 05:39:24.49321	Time Out
669	19E908	\N	2025-03-10 05:39:24.506371	Time Out
670	004A48	\N	2025-03-10 05:39:24.519087	Time Out
671	19E148	\N	2025-03-10 05:39:24.599066	Time Out
672	19E1C8	\N	2025-03-10 05:39:24.612007	Time In
673	73FA48	\N	2025-03-10 05:39:24.623049	Time In
674	19E9C8	\N	2025-03-10 05:39:24.635145	Time In
675	73FB48	\N	2025-03-10 05:39:24.709758	Time In
676	19211A	\N	2025-03-10 05:39:24.721916	Time In
677	08FE48	\N	2025-03-10 05:39:24.735049	Time Out
678	19E11A	\N	2025-03-10 05:39:24.819515	Time In
679	19E948	\N	2025-03-10 05:39:24.927495	Time Out
680	1921C8	\N	2025-03-10 05:39:25.148047	Time In
681	1969C8	\N	2025-03-10 05:39:25.259021	Time In
682	19E108	\N	2025-03-10 05:39:25.368853	Time In
683	1929C8	\N	2025-03-10 05:39:26.036034	Time In
684	739A00	\N	2025-03-10 05:39:28.144159	Time In
685	730A00	\N	2025-03-10 05:39:28.15841	Time In
686	086619	\N	2025-03-10 05:39:28.476375	Time Out
687	E94819	\N	2025-03-10 05:39:28.489403	Time Out
688	69C873	\N	2025-03-10 05:39:28.501782	Time Out
689	0B0008	\N	2025-03-10 05:39:28.513657	Time In
690	FE4819	\N	2025-03-10 05:39:28.586934	Time Out
691	FB4819	\N	2025-03-10 05:39:28.599099	Time Out
692	E9C873	\N	2025-03-10 05:39:28.611934	Time In
693	E1C873	\N	2025-03-10 05:39:28.695162	Time Out
694	FA0800	\N	2025-03-10 05:39:29.914349	Time In
695	4A0800	\N	2025-03-10 05:39:30.02466	Time In
696	4A4819	\N	2025-03-10 05:39:36.85851	Time In
697	29C873	\N	2025-03-10 05:39:36.874477	Time Out
698	21C873	\N	2025-03-10 05:39:37.064833	Time Out
699	FA4819	\N	2025-03-10 05:39:37.078882	Time Out
700	E14819	\N	2025-03-10 05:39:39.728963	Time In
701	E11A08	\N	2025-03-10 05:39:40.280359	Time Out
702	FE0800	\N	2025-03-10 05:39:40.831341	Time In
703	211A08	\N	2025-03-10 05:39:42.388361	Time In
704	6619E9	\N	2025-03-10 05:39:42.404083	Time Out
705	C873FB	\N	2025-03-10 05:39:42.497378	Time Out
706	C8739A	\N	2025-03-10 05:39:42.512311	Time In
707	0008FE	\N	2025-03-10 05:39:42.524285	Time In
708	481929	\N	2025-03-10 05:39:42.606292	Time Out
709	C8730B	\N	2025-03-10 05:39:42.62061	Time In
710	C8730A	\N	2025-03-10 05:39:42.633588	Time In
711	481969	\N	2025-03-10 05:39:42.93992	Time In
712	481921	\N	2025-03-10 05:39:43.271691	Time Out
713	08004A	\N	2025-03-10 05:39:45.815467	Time Out
714	19E91A	\N	2025-03-10 05:39:46.486801	Time Out
715	19291A	\N	2025-03-10 05:39:46.50003	Time Out
716	08FE08	\N	2025-03-10 05:39:48.032919	Time Out
717	E90800	\N	2025-03-10 05:39:48.143589	Time In
718	E91A08	\N	2025-03-10 05:39:48.158217	Time In
719	6619E1	\N	2025-03-10 05:39:48.17094	Time In
720	086219	\N	2025-03-10 05:39:48.924213	Time In
721	4819E9	7	2025-03-10 05:39:55.758527	Time Out
722	1A08FE	\N	2025-03-10 05:39:58.269988	Time In
723	4819E1	8	2025-03-10 05:40:00.595968	Time In
724	481961	\N	2025-03-10 05:40:00.81956	Time In
725	C873FA	\N	2025-03-10 05:40:00.834607	Time Out
726	1A0866	\N	2025-03-10 05:40:00.924293	Time In
727	19E148	\N	2025-03-10 05:40:00.940543	Time In
728	19E9C8	\N	2025-03-10 05:40:00.955651	Time Out
729	73FB08	\N	2025-03-10 05:40:01.027882	Time In
730	004A48	\N	2025-03-10 05:40:01.04133	Time In
731	19E108	\N	2025-03-10 05:40:01.054527	Time Out
732	19E11A	\N	2025-03-10 05:40:01.13704	Time Out
733	08FE48	\N	2025-03-10 05:40:01.151076	Time In
734	004A08	\N	2025-03-10 05:40:02.012773	Time Out
853	E1C873	\N	2025-03-10 05:58:08.690764	Time In
854	FA4819	\N	2025-03-10 05:58:08.783138	Time In
855	E9C873	\N	2025-03-10 05:58:08.89533	Time Out
856	FB4819	\N	2025-03-10 05:58:08.910859	Time In
857	61C873	\N	2025-03-10 05:58:09.342604	Time Out
858	21C873	\N	2025-03-10 05:58:09.785198	Time In
859	29C873	\N	2025-03-10 05:58:10.0005	Time In
860	69C873	\N	2025-03-10 05:58:12.692139	Time In
861	FA0800	\N	2025-03-10 05:58:14.450783	Time Out
862	FE4819	\N	2025-03-10 05:58:14.779588	Time In
863	0A0008	\N	2025-03-10 05:58:16.228741	Time In
864	FE0800	\N	2025-03-10 05:58:16.335346	Time Out
865	BF4819	\N	2025-03-10 05:58:16.354613	Time In
866	0B0008	\N	2025-03-10 05:58:16.89278	Time Out
867	611A08	\N	2025-03-10 05:58:19.872718	Time In
868	211A08	\N	2025-03-10 05:58:20.076867	Time Out
869	3F4819	\N	2025-03-10 05:58:20.8454	Time In
870	EF4819	\N	2025-03-10 05:58:25.45156	Time In
871	9B4819	\N	2025-03-10 05:58:26.012831	Time In
872	F20800	\N	2025-03-10 05:58:26.116955	Time In
873	FF4819	\N	2025-03-10 05:58:29.102511	Time In
874	FC4819	\N	2025-03-10 05:58:29.208732	Time In
875	5A4819	\N	2025-03-10 05:58:29.324942	Time In
876	FF0800	\N	2025-03-10 05:58:29.883043	Time In
877	7E4819	\N	2025-03-10 05:58:29.982148	Time In
878	7A4819	\N	2025-03-10 05:58:32.18545	Time In
879	2A4819	\N	2025-03-10 05:58:33.813885	Time In
880	FD4819	\N	2025-03-10 05:58:35.147587	Time In
881	FD0800	\N	2025-03-10 05:58:35.255855	Time In
882	AB4819	\N	2025-03-10 05:58:35.270999	Time In
883	E94819	\N	2025-03-10 05:58:36.3731	Time In
884	E9C873	\N	2025-03-10 05:58:39.470399	Time In
885	FB4819	\N	2025-03-10 05:58:39.489001	Time Out
886	E1C873	\N	2025-03-10 05:58:39.685358	Time Out
887	FA4819	\N	2025-03-10 05:58:39.795786	Time Out
888	21C873	\N	2025-03-10 05:58:41.240934	Time Out
889	29C873	\N	2025-03-10 05:58:41.791464	Time Out
890	61C873	\N	2025-03-10 05:58:48.64192	Time In
891	E91A08	\N	2025-03-10 05:58:51.185135	Time Out
892	6619E1	\N	2025-03-10 05:58:51.203194	Time Out
543	4819E1	8	2025-02-19 05:04:22.957759	Time In
544	4819E9	7	2025-02-19 05:04:25.872281	Time In
578	4819E1	8	2025-02-19 05:20:34.630246	Time Out
579	4819E1	8	2025-02-19 05:21:38.588411	Time In
580	4819E9	7	2025-02-19 05:21:52.175681	Time Out
581	4819E9	7	2025-02-19 05:22:22.182942	Time In
625	4819E9	7	2025-03-10 05:27:54.397215	Time In
626	4819E1	8	2025-03-10 05:27:56.834751	Time Out
735	004A08	\N	2025-03-10 05:40:35.664982	Time In
736	004A48	\N	2025-03-10 05:40:37.770353	Time Out
737	19E948	\N	2025-03-10 05:40:37.974369	Time In
738	1929C8	\N	2025-03-10 05:40:37.990306	Time Out
739	73FB48	\N	2025-03-10 05:40:38.080902	Time Out
740	19E1C8	\N	2025-03-10 05:40:38.096915	Time Out
741	73FA48	\N	2025-03-10 05:40:38.110479	Time Out
742	19E148	\N	2025-03-10 05:40:38.191426	Time Out
743	19E908	\N	2025-03-10 05:40:42.589053	Time In
893	4819E9	7	2025-03-10 05:58:51.296258	Time Out
894	C873FB	\N	2025-03-10 05:58:51.31024	Time In
895	4819E1	8	2025-03-10 05:58:51.632826	Time In
896	1A08FE	\N	2025-03-10 05:58:51.651136	Time Out
897	08004A	\N	2025-03-10 05:58:51.734389	Time In
898	C873FA	\N	2025-03-10 05:58:51.748336	Time Out
899	C8730B	\N	2025-03-10 05:58:51.844869	Time Out
900	0008FE	\N	2025-03-10 05:58:51.859704	Time Out
901	1A0862	\N	2025-03-10 05:58:53.049577	Time In
902	19E948	\N	2025-03-10 05:58:53.064494	Time Out
903	19691A	\N	2025-03-10 05:58:53.077804	Time Out
904	08FE48	\N	2025-03-10 05:58:53.160289	Time Out
905	19E9C8	\N	2025-03-10 05:58:53.179064	Time In
906	730B00	\N	2025-03-10 05:58:53.195358	Time In
907	08FE08	\N	2025-03-10 05:58:53.209599	Time In
908	004A48	\N	2025-03-10 05:58:53.223189	Time Out
909	19E108	\N	2025-03-10 05:58:53.267329	Time In
910	1961C8	\N	2025-03-10 05:58:53.280552	Time In
911	73FA48	\N	2025-03-10 05:58:53.368411	Time In
912	19611A	\N	2025-03-10 05:58:53.382406	Time In
913	19E148	\N	2025-03-10 05:58:53.476652	Time Out
914	19E11A	\N	2025-03-10 05:58:53.492693	Time Out
915	19211A	\N	2025-03-10 05:58:54.139593	Time Out
916	004A08	\N	2025-03-10 05:58:54.258459	Time In
917	002A08	\N	2025-03-10 05:58:55.026704	Time In
918	009E48	\N	2025-03-10 05:58:55.13383	Time In
919	086218	\N	2025-03-10 05:58:55.147695	Time Out
920	62970A	\N	2025-03-10 05:58:55.160582	Time Out
921	114268	\N	2025-03-10 05:58:55.174498	Time In
922	611A08	\N	2025-03-10 05:58:55.246353	Time Out
923	860A11	\N	2025-03-10 05:58:55.26454	Time In
924	1A0886	\N	2025-03-10 05:58:55.281418	Time In
925	0A11FF	\N	2025-03-10 05:58:55.294492	Time In
926	08002A	\N	2025-03-10 05:58:55.359148	Time Out
927	1A0866	\N	2025-03-10 05:58:55.376913	Time Out
928	1872CF	\N	2025-03-10 05:58:55.394355	Time In
929	5B2995	\N	2025-03-10 05:58:55.411072	Time In
930	481921	\N	2025-03-10 05:58:55.465634	Time Out
931	1862FF	\N	2025-03-10 05:58:55.483852	Time In
932	08009E	\N	2025-03-10 05:58:55.500142	Time Out
933	1A089D	\N	2025-03-10 05:58:55.51511	Time In
934	481961	\N	2025-03-10 05:58:55.575537	Time In
935	19E908	\N	2025-03-10 05:58:55.588669	Time Out
936	08FB08	\N	2025-03-10 05:58:55.675555	Time In
937	118872	\N	2025-03-10 05:58:55.785503	Time In
938	270800	\N	2025-03-10 05:58:55.800737	Time In
939	9E0800	\N	2025-03-10 05:58:55.814972	Time Out
940	4A0800	\N	2025-03-10 05:58:55.832482	Time In
941	E11A08	\N	2025-03-10 05:58:55.847896	Time Out
942	FE4819	\N	2025-03-10 05:58:55.896787	Time Out
943	0D0008	\N	2025-03-10 05:58:55.909146	Time In
944	FE0800	\N	2025-03-10 05:58:56.007375	Time In
945	4A4819	\N	2025-03-10 05:58:56.0274	Time In
946	E10800	\N	2025-03-10 05:58:56.042741	Time Out
947	211A08	\N	2025-03-10 05:58:56.23112	Time In
948	6619E9	\N	2025-03-10 05:58:58.98304	Time In
949	009E08	\N	2025-03-10 05:59:00.51951	Time In
950	08860A	\N	2025-03-10 05:59:00.537091	Time In
951	2A0800	\N	2025-03-10 05:59:00.630021	Time Out
952	19E1C8	\N	2025-03-10 05:59:06.170133	Time In
953	73FA08	\N	2025-03-10 05:59:06.188985	Time In
954	086619	\N	2025-03-10 05:59:06.39541	Time In
955	E90800	\N	2025-03-10 05:59:06.486802	Time Out
956	FA0800	\N	2025-03-10 05:59:06.502494	Time In
957	69C873	\N	2025-03-10 05:59:06.600957	Time Out
958	6219E9	\N	2025-03-10 05:59:06.616628	Time In
959	086219	\N	2025-03-10 05:59:07.153792	Time Out
960	E94819	\N	2025-03-10 05:59:07.167324	Time Out
1145	40BF04	\N	2025-03-10 05:59:42.69873	Time In
1146	68E148	\N	2025-03-10 05:59:42.713407	Time In
1147	08C40A	\N	2025-03-10 05:59:42.793861	Time In
1148	114268	\N	2025-03-10 05:59:42.809138	Time Out
1149	F00800	\N	2025-03-10 05:59:42.825163	Time In
1150	C40AB1	\N	2025-03-10 05:59:42.844084	Time In
1151	C8005A	\N	2025-03-10 05:59:42.909551	Time In
1152	1A0885	\N	2025-03-10 05:59:43.018924	Time Out
1153	0AA108	\N	2025-03-10 05:59:43.112253	Time In
1154	005A08	\N	2025-03-10 05:59:43.129546	Time In
1155	004A08	\N	2025-03-10 05:59:43.142285	Time Out
1156	005B48	\N	2025-03-10 05:59:43.156743	Time In
1157	F24819	\N	2025-03-10 05:59:43.33772	Time In
1158	E14819	\N	2025-03-10 05:59:43.353174	Time Out
1159	326108	\N	2025-03-10 05:59:43.365895	Time In
1160	621822	\N	2025-03-10 05:59:43.451629	Time In
1161	A503A1	\N	2025-03-10 05:59:43.470973	Time In
1162	182296	\N	2025-03-10 05:59:43.553802	Time In
1163	002A08	\N	2025-03-10 05:59:43.569004	Time Out
1164	009B08	\N	2025-03-10 05:59:43.665646	Time In
1165	006F08	\N	2025-03-10 05:59:43.68138	Time In
1166	009E08	\N	2025-03-10 05:59:43.694927	Time Out
1167	912900	\N	2025-03-10 05:59:43.710012	Time In
1168	3F0800	\N	2025-03-10 05:59:43.724181	Time In
1169	1A0800	\N	2025-03-10 05:59:43.73852	Time Out
1170	9B0800	\N	2025-03-10 05:59:43.776273	Time Out
1171	5B0800	\N	2025-03-10 05:59:43.790196	Time In
1172	5F4819	\N	2025-03-10 05:59:43.803343	Time In
1173	2A4819	\N	2025-03-10 05:59:43.894015	Time Out
1174	FC4819	\N	2025-03-10 05:59:44.659661	Time In
1175	E94819	\N	2025-03-10 05:59:46.658642	Time In
1176	E1C873	\N	2025-03-10 05:59:46.875277	Time In
1177	FA4819	\N	2025-03-10 05:59:46.985613	Time In
1178	E9C873	\N	2025-03-10 05:59:47.003725	Time Out
1179	FB4819	\N	2025-03-10 05:59:47.019265	Time In
1180	E90800	\N	2025-03-10 05:59:47.969131	Time In
1181	5F0800	\N	2025-03-10 05:59:48.068208	Time Out
1182	850A11	\N	2025-03-10 05:59:48.29003	Time In
1183	8872A7	\N	2025-03-10 05:59:48.308543	Time In
1184	A640AF	\N	2025-03-10 05:59:48.322205	Time In
1185	A42EEA	\N	2025-03-10 05:59:48.335724	Time In
1186	08005F	\N	2025-03-10 05:59:48.629665	Time Out
1187	1A084D	\N	2025-03-10 05:59:48.850738	Time Out
1188	0AB1C4	\N	2025-03-10 05:59:48.867344	Time In
545	4819E9	7	2025-02-19 05:07:46.484931	Time Out
546	4819E1	8	2025-02-19 05:07:49.453238	Time Out
582	000000	\N	2025-03-10 05:22:40.175456	Time In
583	481961	\N	2025-03-10 05:22:40.71646	Time In
584	C873FA	\N	2025-03-10 05:22:40.728532	Time Out
585	4819E9	7	2025-03-10 05:22:40.818105	Time Out
586	C873FB	\N	2025-03-10 05:22:40.833708	Time In
587	4819E1	8	2025-03-10 05:22:40.856855	Time Out
588	481929	\N	2025-03-10 05:22:40.929054	Time Out
589	004819	\N	2025-03-10 05:22:45.888316	Time In
590	61C873	\N	2025-03-10 05:22:45.907336	Time In
591	FA4819	\N	2025-03-10 05:22:45.923073	Time In
592	E1C873	\N	2025-03-10 05:22:45.936677	Time In
593	E9C873	\N	2025-03-10 05:22:46.108479	Time In
594	FB4819	\N	2025-03-10 05:22:46.121445	Time In
595	69C873	\N	2025-03-10 05:22:46.134031	Time In
596	29C873	\N	2025-03-10 05:22:46.215376	Time In
597	21C873	\N	2025-03-10 05:22:46.436368	Time In
598	E14819	\N	2025-03-10 05:22:47.971293	Time In
599	E94819	\N	2025-03-10 05:22:49.408228	Time In
627	4819E1	8	2025-03-10 05:29:03.319156	Time Out
628	4819E9	7	2025-03-10 05:29:09.055671	Time In
629	4819E9	7	2025-03-10 05:29:42.65793	Time Out
630	4819E1	8	2025-03-10 05:30:10.909688	Time In
631	C873FA	\N	2025-03-10 05:30:10.922162	Time Out
632	C873FB	\N	2025-03-10 05:30:10.935318	Time Out
633	481929	\N	2025-03-10 05:30:10.947889	Time Out
634	481921	\N	2025-03-10 05:30:11.348338	Time In
635	481969	\N	2025-03-10 05:30:11.788085	Time In
744	4819E9	7	2025-03-10 05:40:58.81283	Time Out
745	4819E1	8	2025-03-10 05:41:02.903282	Time Out
746	C873FA	\N	2025-03-10 05:41:13.851449	Time In
747	481961	\N	2025-03-10 05:41:21.048929	Time Out
748	481921	\N	2025-03-10 05:41:24.264851	Time In
749	1A08FE	\N	2025-03-10 05:41:40.274137	Time In
750	4819E9	7	2025-03-10 05:41:41.488381	Time In
751	C873FB	\N	2025-03-10 05:41:41.501707	Time In
752	481929	\N	2025-03-10 05:41:41.607354	Time In
753	481969	\N	2025-03-10 05:41:43.044055	Time Out
754	C873FA	\N	2025-03-10 05:41:43.909205	Time Out
961	19E91A	\N	2025-03-10 05:59:08.039726	Time In
962	C8730A	\N	2025-03-10 05:59:08.264987	Time In
963	08005F	\N	2025-03-10 05:59:09.59667	Time In
964	1A0885	\N	2025-03-10 05:59:09.621019	Time In
965	0A2148	\N	2025-03-10 05:59:09.704434	Time In
966	086618	\N	2025-03-10 05:59:09.721012	Time Out
967	72FF08	\N	2025-03-10 05:59:09.742926	Time In
968	730A00	\N	2025-03-10 05:59:10.489451	Time Out
969	E9C873	\N	2025-03-10 05:59:10.60199	Time In
970	FB0800	\N	2025-03-10 05:59:10.617457	Time In
971	E14819	\N	2025-03-10 05:59:10.715808	Time In
972	FB4819	\N	2025-03-10 05:59:10.827319	Time Out
973	E1C873	\N	2025-03-10 05:59:10.936961	Time Out
974	FA4819	\N	2025-03-10 05:59:11.051492	Time Out
975	0A0008	\N	2025-03-10 05:59:12.595127	Time Out
976	5F4819	\N	2025-03-10 05:59:12.702799	Time Out
977	C65B29	\N	2025-03-10 05:59:13.026717	Time In
978	FD0800	\N	2025-03-10 05:59:13.044948	Time Out
979	BF4819	\N	2025-03-10 05:59:13.130146	Time Out
980	CE5B29	\N	2025-03-10 05:59:13.241484	Time In
981	FC4819	\N	2025-03-10 05:59:13.471748	Time Out
982	950A11	\N	2025-03-10 05:59:13.497659	Time In
983	C8739A	\N	2025-03-10 05:59:13.5176	Time Out
984	481969	\N	2025-03-10 05:59:13.572728	Time Out
985	1A08CE	\N	2025-03-10 05:59:13.589611	Time In
986	5B29FC	\N	2025-03-10 05:59:13.604303	Time In
987	0800BF	\N	2025-03-10 05:59:13.618435	Time Out
988	1A084D	\N	2025-03-10 05:59:13.6853	Time In
989	5B29FD	\N	2025-03-10 05:59:13.699326	Time In
990	1832FF	\N	2025-03-10 05:59:14.136041	Time In
991	00BF48	\N	2025-03-10 05:59:17.451816	Time In
992	1929C8	\N	2025-03-10 05:59:18.437929	Time In
993	73FB08	\N	2025-03-10 05:59:18.465422	Time Out
994	21C873	\N	2025-03-10 05:59:18.77155	Time Out
995	9A0008	\N	2025-03-10 05:59:18.791737	Time In
996	691A08	\N	2025-03-10 05:59:19.090628	Time In
997	1921C8	\N	2025-03-10 05:59:21.863389	Time Out
998	19E148	\N	2025-03-10 05:59:23.513956	Time In
999	19E9C8	\N	2025-03-10 05:59:24.949648	Time Out
1000	73FB48	\N	2025-03-10 05:59:24.964096	Time In
1001	73FA48	\N	2025-03-10 05:59:25.068372	Time Out
1002	19E948	\N	2025-03-10 05:59:25.285834	Time In
1003	1961C8	\N	2025-03-10 05:59:26.818499	Time Out
1004	1969C8	\N	2025-03-10 05:59:27.14999	Time Out
1005	19E11A	\N	2025-03-10 05:59:29.907411	Time In
1006	FE4819	\N	2025-03-10 05:59:30.007871	Time Out
1007	E11A08	\N	2025-03-10 05:59:30.02145	Time In
1008	6619E9	\N	2025-03-10 05:59:30.034394	Time Out
1009	481921	\N	2025-03-10 05:59:30.0488	Time In
1010	0008FE	\N	2025-03-10 05:59:30.118131	Time In
1011	08004A	\N	2025-03-10 05:59:30.13128	Time Out
1012	4819E1	8	2025-03-10 05:59:30.157496	Time Out
1013	C873FA	\N	2025-03-10 05:59:30.171473	Time In
1014	4819E9	7	2025-03-10 05:59:30.185146	Time In
1015	C8730B	\N	2025-03-10 05:59:30.198022	Time In
1016	481929	\N	2025-03-10 05:59:30.225872	Time In
1017	C873FB	\N	2025-03-10 05:59:30.239127	Time Out
1018	C8739B	\N	2025-03-10 05:59:30.461424	Time In
1019	1A084E	\N	2025-03-10 05:59:32.790074	Time In
1020	0800AB	\N	2025-03-10 05:59:32.899429	Time Out
1021	1A0863	\N	2025-03-10 05:59:32.913435	Time In
1022	183295	\N	2025-03-10 05:59:32.926951	Time In
1023	0A91E6	\N	2025-03-10 05:59:32.942634	Time In
1024	2EEA48	\N	2025-03-10 05:59:32.95547	Time In
1025	086319	\N	2025-03-10 05:59:32.968363	Time In
1026	E91A08	\N	2025-03-10 05:59:33.00963	Time In
1027	211A08	\N	2025-03-10 05:59:33.022481	Time In
1028	4E5B29	\N	2025-03-10 05:59:33.035857	Time In
1029	FD4819	\N	2025-03-10 05:59:33.04899	Time Out
1030	FE0800	\N	2025-03-10 05:59:33.118251	Time In
1031	9E4819	\N	2025-03-10 05:59:33.131685	Time Out
1032	0B0008	\N	2025-03-10 05:59:33.145747	Time In
1033	E10800	\N	2025-03-10 05:59:33.677622	Time In
1034	9E0800	\N	2025-03-10 05:59:33.783067	Time In
1035	6F4819	\N	2025-03-10 05:59:34.449818	Time In
1036	611A08	\N	2025-03-10 05:59:34.467112	Time Out
1037	661872	\N	2025-03-10 05:59:34.485217	Time In
1038	430A91	\N	2025-03-10 05:59:34.499877	Time In
1039	E62EA2	\N	2025-03-10 05:59:34.516352	Time In
1040	1A0886	\N	2025-03-10 05:59:34.530457	Time Out
1041	0A91C8	\N	2025-03-10 05:59:34.546608	Time In
1042	001A08	\N	2025-03-10 05:59:34.668682	Time In
1043	001A48	\N	2025-03-10 05:59:34.684571	Time In
1044	19E108	\N	2025-03-10 05:59:34.699726	Time Out
1045	00EF08	\N	2025-03-10 05:59:34.715027	Time In
1046	08FE08	\N	2025-03-10 05:59:34.728752	Time Out
1047	00CE48	\N	2025-03-10 05:59:34.744588	Time In
1048	322103	\N	2025-03-10 05:59:34.759912	Time In
1049	A16718	\N	2025-03-10 05:59:34.772693	Time In
547	4819E1	8	2025-02-19 05:15:14.974845	Time In
548	4819E9	7	2025-02-19 05:15:17.936666	Time In
549	4819E1	8	2025-02-19 05:15:45.103354	Time Out
550	4819E9	7	2025-02-19 05:15:51.510873	Time Out
551	4819E9	7	2025-02-19 05:16:29.567638	Time Out
552	4819E1	8	2025-02-19 05:16:29.587898	Time Out
553	C873FA	\N	2025-02-19 05:16:29.600003	Time In
554	C873FB	\N	2025-02-19 05:16:30.114029	Time In
555	481929	\N	2025-02-19 05:16:41.50738	Time In
556	481921	\N	2025-02-19 05:16:41.630438	Time In
557	481961	\N	2025-02-19 05:16:41.842589	Time In
558	4819E1	8	2025-02-19 05:17:08.498202	Time In
559	4819E9	7	2025-02-19 05:17:11.707309	Time In
560	4819E9	7	2025-02-19 05:17:41.702425	Time Out
561	4819E1	8	2025-02-19 05:17:48.323765	Time Out
562	4819E1	8	2025-02-19 05:18:18.374741	Time Out
563	4819E9	7	2025-02-19 05:18:29.092092	Time Out
564	C873FB	\N	2025-02-19 05:18:29.540115	Time Out
600	4819E1	8	2025-03-10 05:23:03.204932	Time In
601	4819E9	7	2025-03-10 05:23:07.590813	Time Out
602	C873FA	\N	2025-03-10 05:23:08.148607	Time In
603	481929	\N	2025-03-10 05:23:08.163877	Time In
604	C873FB	\N	2025-03-10 05:23:08.175442	Time Out
605	481961	\N	2025-03-10 05:23:14.336878	Time Out
606	481969	\N	2025-03-10 05:23:18.737769	Time In
607	481921	\N	2025-03-10 05:23:18.854655	Time In
608	4819E1	8	2025-03-10 05:23:33.30417	Time Out
636	08004A	\N	2025-03-10 05:34:34.880205	Time In
755	4819E1	8	2025-03-10 05:42:02.716535	Time In
756	4819E9	7	2025-03-10 05:42:04.439363	Time Out
757	C873FB	\N	2025-03-10 05:42:04.459355	Time Out
758	481929	\N	2025-03-10 05:42:04.474336	Time Out
759	481921	\N	2025-03-10 05:42:04.540978	Time Out
760	C873FA	\N	2025-03-10 05:42:04.555973	Time Out
761	481961	\N	2025-03-10 05:42:14.037816	Time In
762	4819E1	8	2025-03-10 05:42:32.937042	Time Out
763	4819E1	8	2025-03-10 05:43:03.056563	Time Out
764	4819E1	8	2025-03-10 05:43:33.119266	Time In
765	4819E1	8	2025-03-10 05:44:03.493532	Time In
766	4819E9	7	2025-03-10 05:44:16.254442	Time In
767	4819E9	7	2025-03-10 05:44:46.416633	Time Out
768	4819E1	8	2025-03-10 05:45:30.728275	Time Out
1050	32FF48	\N	2025-03-10 05:59:34.786061	Time In
1051	08C60A	\N	2025-03-10 05:59:34.800033	Time In
1052	210800	\N	2025-03-10 05:59:34.892299	Time In
1053	1A4819	\N	2025-03-10 05:59:34.907603	Time In
1054	621832	\N	2025-03-10 05:59:34.921391	Time In
1055	FF4819	\N	2025-03-10 05:59:34.935364	Time Out
1056	661832	\N	2025-03-10 05:59:34.949343	Time In
1057	A503E1	\N	2025-03-10 05:59:34.963997	Time In
1058	C60A21	\N	2025-03-10 05:59:34.976801	Time In
1059	08001A	\N	2025-03-10 05:59:35.001354	Time In
1060	1A08FE	\N	2025-03-10 05:59:35.098663	Time In
1061	1A08FD	\N	2025-03-10 05:59:35.4301	Time In
1062	1A08F1	\N	2025-03-10 05:59:35.655987	Time In
1063	1A08C6	\N	2025-03-10 05:59:35.764814	Time In
1064	0A1133	\N	2025-03-10 05:59:35.778569	Time In
1065	03E121	\N	2025-03-10 05:59:35.793391	Time In
1066	03A148	\N	2025-03-10 05:59:35.809148	Time In
1067	19211A	\N	2025-03-10 05:59:35.821247	Time In
1068	11A640	\N	2025-03-10 05:59:35.875711	Time In
1069	BFA42E	\N	2025-03-10 05:59:35.888617	Time In
1070	E24819	\N	2025-03-10 05:59:35.903163	Time In
1071	FF0800	\N	2025-03-10 05:59:36.086123	Time Out
1072	CE0A11	\N	2025-03-10 05:59:36.09996	Time In
1073	C819E1	\N	2025-03-10 05:59:36.114477	Time In
1074	0AB1C8	\N	2025-03-10 05:59:36.128908	Time In
1075	005F08	\N	2025-03-10 05:59:36.144214	Time In
1076	08CE0A	\N	2025-03-10 05:59:36.195071	Time In
1077	5B4819	\N	2025-03-10 05:59:36.210127	Time In
1078	0D0008	\N	2025-03-10 05:59:36.307079	Time Out
1079	621872	\N	2025-03-10 05:59:36.321678	Time In
1080	4A4819	\N	2025-03-10 05:59:36.637348	Time Out
1081	661822	\N	2025-03-10 05:59:36.752644	Time In
1082	970A31	\N	2025-03-10 05:59:36.766697	Time In
1083	4C005F	\N	2025-03-10 05:59:36.782412	Time In
1084	1A080B	\N	2025-03-10 05:59:36.859109	Time In
1085	0008FD	\N	2025-03-10 05:59:36.872079	Time In
1086	0AB1A6	\N	2025-03-10 05:59:36.956981	Time Out
1087	40AF08	\N	2025-03-10 05:59:36.970596	Time In
1088	005F48	\N	2025-03-10 05:59:36.984242	Time In
1089	08FE48	\N	2025-03-10 05:59:37.068792	Time In
1090	08FD48	\N	2025-03-10 05:59:37.085247	Time In
1091	005B08	\N	2025-03-10 05:59:37.518661	Time In
1092	003F48	\N	2025-03-10 05:59:37.537852	Time In
1093	19611A	\N	2025-03-10 05:59:37.619464	Time Out
1094	004A48	\N	2025-03-10 05:59:38.068586	Time In
1095	B1A62E	\N	2025-03-10 05:59:38.177485	Time In
1096	221A08	\N	2025-03-10 05:59:38.198763	Time In
1097	260A11	\N	2025-03-10 05:59:38.214226	Time In
1098	4268E3	\N	2025-03-10 05:59:38.22727	Time In
1099	1A0866	\N	2025-03-10 05:59:38.2416	Time In
1100	183294	\N	2025-03-10 05:59:38.259391	Time In
1101	0A2108	\N	2025-03-10 05:59:38.272164	Time In
1102	00BF08	\N	2025-03-10 05:59:38.380251	Time In
1103	08420A	\N	2025-03-10 05:59:38.39802	Time In
1104	A21A08	\N	2025-03-10 05:59:38.414865	Time In
1105	FC0800	\N	2025-03-10 05:59:38.492358	Time Out
1106	3F4819	\N	2025-03-10 05:59:38.510128	Time Out
1107	0C60E1	\N	2025-03-10 05:59:38.528069	Time In
1108	1832FC	\N	2025-03-10 05:59:38.54435	Time In
1109	481961	\N	2025-03-10 05:59:38.602495	Time Out
1110	1872FE	\N	2025-03-10 05:59:38.71337	Time In
1111	08004E	\N	2025-03-10 05:59:38.838066	Time In
1112	1A0842	\N	2025-03-10 05:59:39.606599	Time In
1113	0A1142	\N	2025-03-10 05:59:39.625578	Time In
1114	68211A	\N	2025-03-10 05:59:39.641158	Time In
1115	08265B	\N	2025-03-10 05:59:39.655659	Time In
1116	29FC48	\N	2025-03-10 05:59:39.708762	Time In
1117	014C00	\N	2025-03-10 05:59:39.820365	Time In
1118	AB0800	\N	2025-03-10 05:59:39.838635	Time Out
1119	4A0800	\N	2025-03-10 05:59:40.490283	Time Out
1120	420A11	\N	2025-03-10 05:59:40.510441	Time In
1121	887227	\N	2025-03-10 05:59:40.595969	Time In
1122	A640FD	\N	2025-03-10 05:59:40.616113	Time In
1123	A42EA2	\N	2025-03-10 05:59:40.630878	Time In
1124	1A08FC	\N	2025-03-10 05:59:41.154026	Time In
1125	1A0862	\N	2025-03-10 05:59:41.267809	Time Out
1126	1832FE	\N	2025-03-10 05:59:41.285386	Time In
1127	1872FF	\N	2025-03-10 05:59:41.591619	Time In
1128	08005B	\N	2025-03-10 05:59:41.607278	Time In
1129	1A08CC	\N	2025-03-10 05:59:41.703492	Time In
1130	68CB48	\N	2025-03-10 05:59:41.814823	Time In
1131	08CC0A	\N	2025-03-10 05:59:41.837678	Time In
1132	11E62E	\N	2025-03-10 05:59:41.852855	Time In
1133	CC0A11	\N	2025-03-10 05:59:41.867347	Time In
1134	C8005B	\N	2025-03-10 05:59:41.882998	Time In
1135	0A110C	\N	2025-03-10 05:59:42.018263	Time In
1136	60E11A	\N	2025-03-10 05:59:42.033393	Time In
1137	086618	\N	2025-03-10 05:59:42.04877	Time In
1138	32FE08	\N	2025-03-10 05:59:42.071185	Time In
565	4819E1	8	2025-02-19 05:18:56.514675	Time In
566	4819E9	7	2025-02-19 05:19:06.703595	Time In
567	C873FA	\N	2025-02-19 05:19:06.805196	Time Out
568	C873FB	\N	2025-02-19 05:19:06.917038	Time In
569	481929	\N	2025-02-19 05:19:07.022201	Time Out
609	4819E9	7	2025-03-10 05:25:36.307485	Time In
610	4819E1	8	2025-03-10 05:25:36.839127	Time Out
611	C873FA	\N	2025-03-10 05:25:36.849848	Time Out
612	481921	\N	2025-03-10 05:25:36.862866	Time Out
613	481929	\N	2025-03-10 05:25:36.874437	Time Out
614	C873FB	\N	2025-03-10 05:25:36.887237	Time In
615	481969	\N	2025-03-10 05:25:37.610794	Time Out
616	481961	\N	2025-03-10 05:25:43.116115	Time In
617	4819E9	7	2025-03-10 05:26:06.473803	Time Out
618	C873FB	\N	2025-03-10 05:26:06.92437	Time Out
637	08004A	\N	2025-03-10 05:38:49.944903	Time Out
638	4819E9	7	2025-03-10 05:38:49.966559	Time Out
539	4819E9	7	2025-02-19 05:00:56.817907	Time In
540	4819E1	8	2025-02-19 05:00:56.96483	Time In
639	481929	\N	2025-03-10 05:38:50.041281	Time In
640	1A08FE	\N	2025-03-10 05:38:50.057988	Time In
641	481969	\N	2025-03-10 05:38:50.825072	Time Out
642	C873FB	\N	2025-03-10 05:38:50.839111	Time In
643	1A0866	\N	2025-03-10 05:38:51.155369	Time In
644	19E148	\N	2025-03-10 05:38:51.254419	Time In
645	19E91A	\N	2025-03-10 05:38:51.267757	Time In
646	08FE48	\N	2025-03-10 05:38:51.281579	Time In
647	19691A	\N	2025-03-10 05:38:51.293682	Time In
648	19E908	\N	2025-03-10 05:38:51.47962	Time In
649	004A48	\N	2025-03-10 05:38:51.493564	Time In
650	19E948	\N	2025-03-10 05:38:51.585768	Time In
651	19291A	\N	2025-03-10 05:38:51.695287	Time In
652	08FE08	\N	2025-03-10 05:38:51.708029	Time In
653	004A08	\N	2025-03-10 05:38:52.474013	Time In
654	086619	\N	2025-03-10 05:38:55.423261	Time In
655	E14819	\N	2025-03-10 05:38:55.435705	Time Out
656	E9C873	\N	2025-03-10 05:38:55.446516	Time Out
657	9B0008	\N	2025-03-10 05:38:55.458194	Time In
658	FE4819	\N	2025-03-10 05:38:55.543742	Time In
659	E11A08	\N	2025-03-10 05:38:55.557972	Time In
660	6619E9	\N	2025-03-10 05:38:55.570823	Time In
661	08004E	\N	2025-03-10 05:38:55.875022	Time In
769	4819E1	8	2025-03-10 05:54:07.103515	Time In
770	4819E9	7	2025-03-10 05:54:23.738818	Time Out
771	481929	\N	2025-03-10 05:54:24.398976	Time In
772	C873FB	\N	2025-03-10 05:54:24.418304	Time In
773	C873FA	\N	2025-03-10 05:54:30.15105	Time In
774	4819E9	7	2025-03-10 05:54:53.745366	Time In
775	4819E1	8	2025-03-10 05:55:15.92696	Time Out
776	C873FA	\N	2025-03-10 05:55:25.603264	Time Out
777	4819E1	8	2025-03-10 05:55:45.950336	Time In
778	4819E1	8	2025-03-10 05:56:18.562037	Time In
779	4819E9	7	2025-03-10 05:57:31.328606	Time In
780	4819E1	8	2025-03-10 05:57:41.730756	Time Out
781	C873FB	\N	2025-03-10 05:57:42.037222	Time Out
782	481969	\N	2025-03-10 05:57:42.805547	Time In
783	481929	\N	2025-03-10 05:57:43.469095	Time Out
784	C873FA	\N	2025-03-10 05:57:44.006714	Time In
785	481921	\N	2025-03-10 05:57:44.891805	Time In
786	481961	\N	2025-03-10 05:57:46.667186	Time Out
787	0800EB	\N	2025-03-10 05:57:56.449539	Time In
788	1A0839	\N	2025-03-10 05:57:56.562064	Time In
789	6108F5	\N	2025-03-10 05:57:56.581939	Time In
790	0800FF	\N	2025-03-10 05:57:56.596972	Time In
791	0800EF	\N	2025-03-10 05:58:06.028552	Time In
792	08002A	\N	2025-03-10 05:58:06.045199	Time In
793	08007A	\N	2025-03-10 05:58:06.059272	Time In
794	0800CA	\N	2025-03-10 05:58:06.073715	Time In
795	08004E	\N	2025-03-10 05:58:06.08657	Time Out
796	0800AE	\N	2025-03-10 05:58:06.100033	Time In
797	08004A	\N	2025-03-10 05:58:06.114161	Time Out
798	08006F	\N	2025-03-10 05:58:06.249976	Time In
799	08009E	\N	2025-03-10 05:58:06.264964	Time In
800	0800BF	\N	2025-03-10 05:58:06.280103	Time In
801	08005A	\N	2025-03-10 05:58:06.29359	Time In
802	C8730A	\N	2025-03-10 05:58:06.307695	Time Out
803	000815	\N	2025-03-10 05:58:06.321248	Time In
804	610866	\N	2025-03-10 05:58:06.334456	Time In
805	186297	\N	2025-03-10 05:58:06.346766	Time In
806	0A91A6	\N	2025-03-10 05:58:06.361151	Time In
807	40BD48	\N	2025-03-10 05:58:06.475129	Time In
808	19E11A	\N	2025-03-10 05:58:06.493381	Time In
809	086618	\N	2025-03-10 05:58:06.505852	Time In
810	72960A	\N	2025-03-10 05:58:06.519385	Time In
811	314C00	\N	2025-03-10 05:58:06.532305	Time In
812	2A0800	\N	2025-03-10 05:58:06.54854	Time In
813	CA0800	\N	2025-03-10 05:58:06.56421	Time In
814	6F0800	\N	2025-03-10 05:58:06.576577	Time In
815	4E0800	\N	2025-03-10 05:58:06.589647	Time In
816	CE0800	\N	2025-03-10 05:58:06.603255	Time In
817	5A0800	\N	2025-03-10 05:58:06.619148	Time In
818	7A0800	\N	2025-03-10 05:58:06.632594	Time In
819	9B0800	\N	2025-03-10 05:58:06.646509	Time In
820	EB0800	\N	2025-03-10 05:58:06.658456	Time In
821	1A0800	\N	2025-03-10 05:58:06.672658	Time In
822	EF0800	\N	2025-03-10 05:58:06.68448	Time In
823	AB0800	\N	2025-03-10 05:58:06.697869	Time In
824	9E0800	\N	2025-03-10 05:58:06.711153	Time In
825	4A0800	\N	2025-03-10 05:58:06.72595	Time Out
826	5F0800	\N	2025-03-10 05:58:06.738517	Time In
827	AE0800	\N	2025-03-10 05:58:06.751293	Time In
828	5F4819	\N	2025-03-10 05:58:06.805192	Time In
829	E10800	\N	2025-03-10 05:58:06.818557	Time In
830	4A4819	\N	2025-03-10 05:58:06.833398	Time Out
831	E11A08	\N	2025-03-10 05:58:06.847283	Time In
832	1B6108	\N	2025-03-10 05:58:06.861	Time In
833	556108	\N	2025-03-10 05:58:06.873483	Time In
834	FC0800	\N	2025-03-10 05:58:06.887195	Time In
835	4E4819	\N	2025-03-10 05:58:06.899352	Time In
836	C60A11	\N	2025-03-10 05:58:06.913265	Time In
837	4268EA	\N	2025-03-10 05:58:06.928328	Time In
838	0800CE	\N	2025-03-10 05:58:07.02621	Time In
839	0800AB	\N	2025-03-10 05:58:07.039819	Time In
840	1A0812	\N	2025-03-10 05:58:07.052081	Time In
841	61080B	\N	2025-03-10 05:58:07.064716	Time In
842	000866	\N	2025-03-10 05:58:07.079126	Time In
843	182297	\N	2025-03-10 05:58:07.09092	Time In
844	0AB1A6	\N	2025-03-10 05:58:07.103973	Time In
845	40B1A4	\N	2025-03-10 05:58:07.117556	Time In
846	2EA21A	\N	2025-03-10 05:58:07.132041	Time In
847	086218	\N	2025-03-10 05:58:07.145296	Time In
848	62970A	\N	2025-03-10 05:58:07.157673	Time In
849	119003	\N	2025-03-10 05:58:07.170512	Time In
850	C10800	\N	2025-03-10 05:58:07.183971	Time In
851	9E4819	\N	2025-03-10 05:58:07.245455	Time In
852	E14819	\N	2025-03-10 05:58:07.259236	Time Out
1139	08FC48	\N	2025-03-10 05:59:42.130497	Time In
1140	324A0A	\N	2025-03-10 05:59:42.148593	Time In
1141	B1622E	\N	2025-03-10 05:59:42.238619	Time In
1142	4A0AB1	\N	2025-03-10 05:59:42.253911	Time In
1143	08005A	\N	2025-03-10 05:59:42.462446	Time Out
1144	0A11A6	\N	2025-03-10 05:59:42.683884	Time In
1189	2E2A1A	\N	2025-03-10 05:59:48.881859	Time In
1190	08FD08	\N	2025-03-10 05:59:48.941489	Time In
1191	19E91A	\N	2025-03-10 05:59:48.956659	Time Out
1192	19291A	\N	2025-03-10 05:59:49.052195	Time In
1193	B12900	\N	2025-03-10 05:59:49.167975	Time In
1194	187243	\N	2025-03-10 05:59:49.393038	Time In
1195	0AB1E6	\N	2025-03-10 05:59:49.409687	Time In
1196	2EAA1A	\N	2025-03-10 05:59:49.426631	Time In
1197	B1C800	\N	2025-03-10 05:59:49.447553	Time In
1198	291A08	\N	2025-03-10 05:59:49.723875	Time In
1199	FD0800	\N	2025-03-10 05:59:49.750344	Time In
1200	691A08	\N	2025-03-10 05:59:49.937498	Time Out
1201	850AB1	\N	2025-03-10 05:59:50.385283	Time In
1202	C8004A	\N	2025-03-10 05:59:50.402647	Time In
1203	086218	\N	2025-03-10 05:59:51.057489	Time In
1204	72FF48	\N	2025-03-10 05:59:51.079216	Time In
1205	29005F	\N	2025-03-10 05:59:52.707789	Time In
1206	0AB108	\N	2025-03-10 05:59:54.146763	Time In
1207	19691A	\N	2025-03-10 05:59:54.258535	Time In
1208	084D0A	\N	2025-03-10 05:59:54.590072	Time In
1209	AF0468	\N	2025-03-10 05:59:54.697311	Time In
1210	4B1A08	\N	2025-03-10 05:59:54.716828	Time In
1211	A960E9	\N	2025-03-10 05:59:56.243554	Time In
1212	481969	\N	2025-03-10 05:59:56.461579	Time In
1213	4819E9	7	2025-03-10 06:00:00.224301	Time Out
1214	08004A	\N	2025-03-10 06:00:00.337503	Time In
1215	0A1108	\N	2025-03-10 06:00:02.327661	Time In
1216	19E948	\N	2025-03-10 06:00:02.343023	Time Out
1217	72FE48	\N	2025-03-10 06:00:02.559981	Time In
1218	19E908	\N	2025-03-10 06:00:02.881409	Time In
1219	11A960	\N	2025-03-10 06:00:02.992976	Time In
1220	FE4819	\N	2025-03-10 06:00:03.010359	Time In
1221	E91A08	\N	2025-03-10 06:00:03.763686	Time Out
1222	FD4819	\N	2025-03-10 06:00:03.875611	Time In
1223	FE0800	\N	2025-03-10 06:00:03.891874	Time Out
1224	4A4819	\N	2025-03-10 06:00:07.073455	Time In
1225	661872	\N	2025-03-10 06:00:07.18434	Time Out
1226	4D0A11	\N	2025-03-10 06:00:07.400891	Time In
1227	622EAA	\N	2025-03-10 06:00:07.512057	Time In
1228	1A08FD	\N	2025-03-10 06:00:07.525826	Time Out
1229	1A08FE	\N	2025-03-10 06:00:08.179358	Time Out
1230	4819E1	8	2025-03-10 06:00:09.289312	Time In
1231	481921	\N	2025-03-10 06:00:11.80709	Time Out
1232	1A080D	\N	2025-03-10 06:00:14.775343	Time In
1233	0008FE	\N	2025-03-10 06:00:14.790558	Time Out
1234	C873FA	\N	2025-03-10 06:00:18.304337	Time Out
1235	481929	\N	2025-03-10 06:00:18.521197	Time Out
1236	C873FB	\N	2025-03-10 06:00:18.535555	Time In
1237	08005F	\N	2025-03-10 06:00:19.28968	Time In
1238	1A0885	\N	2025-03-10 06:00:19.402001	Time In
1239	0A110C	\N	2025-03-10 06:00:19.509388	Time Out
1240	60E948	\N	2025-03-10 06:00:19.529467	Time In
1241	19E91A	\N	2025-03-10 06:00:19.542938	Time Out
1242	08FE48	\N	2025-03-10 06:00:19.557167	Time Out
1243	19E11A	\N	2025-03-10 06:00:19.622962	Time Out
1244	08FE08	\N	2025-03-10 06:00:19.641778	Time In
1245	005F48	\N	2025-03-10 06:00:19.733578	Time Out
1246	19291A	\N	2025-03-10 06:00:19.952971	Time Out
1247	08FD08	\N	2025-03-10 06:00:19.968825	Time Out
1248	005B08	\N	2025-03-10 06:00:20.060257	Time Out
1249	004A08	\N	2025-03-10 06:00:20.077605	Time In
1250	1921C8	\N	2025-03-10 06:00:20.284645	Time In
1251	739A00	\N	2025-03-10 06:00:20.299051	Time Out
1252	005F08	\N	2025-03-10 06:00:20.616643	Time Out
1253	005B48	\N	2025-03-10 06:00:20.726025	Time Out
1254	004A48	\N	2025-03-10 06:00:21.163351	Time Out
1255	08FD48	\N	2025-03-10 06:00:22.262511	Time Out
1256	19E9C8	\N	2025-03-10 06:00:22.484376	Time In
1257	73FB48	\N	2025-03-10 06:00:22.597531	Time Out
1258	084D0A	\N	2025-03-10 06:00:25.459581	Time Out
1259	112900	\N	2025-03-10 06:00:25.477617	Time In
1260	4A0800	\N	2025-03-10 06:00:25.566255	Time In
1261	FD0800	\N	2025-03-10 06:00:26.002471	Time In
1262	5B0800	\N	2025-03-10 06:00:26.018582	Time Out
1263	E94819	\N	2025-03-10 06:00:26.54495	Time In
1264	E90800	\N	2025-03-10 06:00:26.559924	Time In
1265	5F4819	\N	2025-03-10 06:00:27.625162	Time Out
1266	5F0800	\N	2025-03-10 06:00:27.775718	Time In
1267	5B4819	\N	2025-03-10 06:00:29.861675	Time Out
1268	691A08	\N	2025-03-10 06:00:30.494289	Time Out
1269	CE0AB1	\N	2025-03-10 06:00:30.510243	Time In
1270	A96069	\N	2025-03-10 06:00:30.605892	Time In
1271	08004A	\N	2025-03-10 06:00:30.71999	Time Out
1272	4819E9	7	2025-03-10 06:00:30.830778	Time In
1273	481969	\N	2025-03-10 06:00:31.476571	Time In
1274	08005B	\N	2025-03-10 06:00:32.374166	Time Out
1275	1A08CE	\N	2025-03-10 06:00:35.909207	Time Out
1276	0AB14C	\N	2025-03-10 06:00:36.022526	Time In
1277	00AB08	\N	2025-03-10 06:00:36.047216	Time In
1278	19E948	\N	2025-03-10 06:00:36.061947	Time In
1279	19E908	\N	2025-03-10 06:00:36.138981	Time Out
1280	1961C8	\N	2025-03-10 06:00:36.157937	Time In
1281	73FA48	\N	2025-03-10 06:00:36.244984	Time In
1282	086218	\N	2025-03-10 06:00:36.584254	Time Out
1283	724B0A	\N	2025-03-10 06:00:36.609586	Time In
1284	B14268	\N	2025-03-10 06:00:36.631353	Time In
1285	21C873	\N	2025-03-10 06:00:36.653201	Time In
1286	9A0008	\N	2025-03-10 06:00:36.674545	Time Out
1287	850AB1	\N	2025-03-10 06:00:36.688968	Time Out
1288	1A0862	\N	2025-03-10 06:00:36.801105	Time In
1289	1872FE	\N	2025-03-10 06:00:36.820422	Time Out
1290	0800AB	\N	2025-03-10 06:00:36.90778	Time In
1291	1A0866	\N	2025-03-10 06:00:37.250552	Time Out
1292	1872FF	\N	2025-03-10 06:00:38.126619	Time Out
1293	0A1148	\N	2025-03-10 06:00:38.343841	Time In
1294	B1A640	\N	2025-03-10 06:00:38.361587	Time In
1295	BF0800	\N	2025-03-10 06:00:38.459347	Time In
1296	AB4819	\N	2025-03-10 06:00:38.477837	Time Out
1297	E91A08	\N	2025-03-10 06:00:38.497059	Time In
1298	4D0A11	\N	2025-03-10 06:00:38.515516	Time Out
1299	A640BF	\N	2025-03-10 06:00:38.549309	Time In
1300	0468E1	\N	2025-03-10 06:00:38.565623	Time In
1301	1A08FE	\N	2025-03-10 06:00:38.662991	Time In
1302	186297	\N	2025-03-10 06:00:38.883824	Time Out
1303	0AB1A6	\N	2025-03-10 06:00:38.899609	Time In
1304	40EB04	\N	2025-03-10 06:00:38.915637	Time In
1305	684BC8	\N	2025-03-10 06:00:38.933171	Time In
1306	73FA08	\N	2025-03-10 06:00:38.998353	Time Out
1307	00AB48	\N	2025-03-10 06:00:39.110012	Time In
1308	08C60A	\N	2025-03-10 06:00:39.876022	Time Out
1309	118872	\N	2025-03-10 06:00:39.89425	Time Out
1310	A72900	\N	2025-03-10 06:00:39.971804	Time In
1311	4A4819	\N	2025-03-10 06:00:39.997473	Time Out
1312	FD4819	\N	2025-03-10 06:00:40.013871	Time Out
1313	C60AB1	\N	2025-03-10 06:00:40.304657	Time In
1314	C8004A	\N	2025-03-10 06:00:40.32481	Time Out
1315	1A08C6	\N	2025-03-10 06:00:40.417216	Time Out
1316	0AB1C8	\N	2025-03-10 06:00:40.527512	Time Out
1317	19691A	\N	2025-03-10 06:00:40.55373	Time Out
1318	086618	\N	2025-03-10 06:00:40.85679	Time In
1319	72FE48	\N	2025-03-10 06:00:40.88245	Time Out
1320	730B00	\N	2025-03-10 06:00:41.191693	Time Out
1321	1929C8	\N	2025-03-10 06:00:41.299656	Time Out
1322	08CE0A	\N	2025-03-10 06:00:41.317497	Time Out
1323	110C60	\N	2025-03-10 06:00:41.409109	Time In
1324	850A11	\N	2025-03-10 06:00:42.499772	Time Out
1325	A960E9	\N	2025-03-10 06:00:42.606843	Time Out
1326	1A08FD	\N	2025-03-10 06:00:42.720683	Time In
1327	481921	\N	2025-03-26 04:13:03.333392	Time In
1328	C873FA	\N	2025-03-26 04:13:03.354371	Time In
1329	4819E1	8	2025-03-26 04:13:03.423265	Time Out
1330	4819E9	7	2025-03-26 04:13:03.436537	Time In
1331	C873FB	\N	2025-03-26 04:13:03.516616	Time Out
1332	481969	\N	2025-03-26 04:13:03.739772	Time Out
1333	481929	\N	2025-03-26 04:13:03.851183	Time In
1334	481961	\N	2025-03-26 04:13:04.171716	Time In
1335	1248FC	\N	2025-03-26 04:13:20.928861	Time In
1336	08BF12	\N	2025-03-26 04:13:21.148423	Time In
1337	622EEA	\N	2025-03-26 04:13:21.162524	Time In
1338	4819E9	7	2025-03-26 04:15:34.765941	Time In
1339	4819E1	8	2025-03-26 04:15:45.450162	Time Out
1340	C873FA	\N	2025-03-26 04:15:45.464942	Time In
1341	C873FB	\N	2025-03-26 04:15:45.880237	Time Out
1342	481921	\N	2025-03-26 04:15:45.992567	Time In
1343	481929	\N	2025-03-26 04:15:46.215189	Time In
1344	481969	\N	2025-03-26 04:15:47.101334	Time Out
1345	481961	\N	2025-03-26 04:15:48.093776	Time In
1346	08BF12	\N	2025-03-26 04:15:52.8315	Time Out
1347	1248FC	\N	2025-03-26 04:15:53.27277	Time Out
1348	622EEA	\N	2025-03-26 04:15:54.478093	Time Out
1349	C8730B	\N	2025-03-26 04:15:55.030982	Time Out
1350	5848FC	\N	2025-03-26 04:15:55.046278	Time In
1351	A96069	\N	2025-03-26 04:15:55.060772	Time Out
1352	12489C	\N	2025-03-26 04:15:55.802551	Time In
1353	0A73FA	\N	2025-03-26 04:15:55.817338	Time In
1354	A960E9	\N	2025-03-26 04:15:57.806344	Time In
1355	84BF12	\N	2025-03-26 04:15:59.465839	Time In
1356	C60101	\N	2025-03-26 04:15:59.560967	Time In
1357	0C60E9	\N	2025-03-26 04:15:59.580698	Time In
1358	0A73FB	\N	2025-03-26 04:16:00.444547	Time In
1359	4819E9	7	2025-03-26 04:16:04.857441	Time In
1360	481929	\N	2025-03-26 04:16:16.574902	Time In
1361	481969	\N	2025-03-26 04:16:17.898707	Time Out
1362	4819E1	8	2025-03-26 04:16:18.450089	Time Out
1363	C873FA	\N	2025-03-26 04:16:18.4622	Time In
1364	C873FB	\N	2025-03-26 04:16:18.884218	Time Out
1365	C2BF12	\N	2025-03-26 04:16:19.540114	Time In
1366	698589	\N	2025-03-26 04:16:19.985988	Time In
1367	4C8589	\N	2025-03-26 04:16:20.538812	Time In
1368	08BF12	\N	2025-03-26 04:16:22.870158	Time In
1369	622EAA	\N	2025-03-26 04:16:26.215381	Time Out
1370	1248FC	\N	2025-03-26 04:16:26.231524	Time In
1371	C60101	\N	2025-03-26 04:16:29.823604	Time Out
1372	4819E9	7	2025-03-26 04:23:22.847132	Time In
1373	4819E9	7	2025-03-26 04:23:52.844723	Time In
1374	4819E9	7	2025-03-26 04:26:51.351141	Time In
1375	4819E9	7	2025-03-26 04:29:38.830822	Time In
1376	4819E9	7	2025-03-26 04:32:21.34445	Time In
1377	4819E9	7	2025-03-26 04:33:34.229606	Time In
1378	4819E9	7	2025-03-26 04:34:14.880371	Time In
1379	4819E9	7	2025-03-26 04:35:23.231596	Time In
1380	4819E9	7	2025-03-26 04:36:32.604056	Time In
1381	4819E9	7	2025-03-26 04:59:01.959772	Time In
1382	4819E9	7	2025-03-26 05:09:14.874039	Time In
1383	4819E9	7	2025-03-26 05:19:17.797194	Time In
1384	4819E9	7	2025-03-26 05:26:11.156087	Time In
1385	08BF12	\N	2025-03-26 05:26:12.350356	Time Out
1386	1248FC	\N	2025-03-26 05:26:12.452998	Time Out
1387	8872A7	\N	2025-03-26 05:26:17.334215	Time Out
1388	622EEA	\N	2025-03-26 05:26:17.34732	Time In
1389	C60101	\N	2025-03-26 05:26:19.879003	Time In
1390	C2BF12	\N	2025-03-26 05:26:21.775207	Time Out
1391	4C8589	\N	2025-03-26 05:26:23.770187	Time Out
1392	4819E9	7	2025-03-26 05:26:41.438569	Time In
1393	08BF12	\N	2025-03-26 05:26:44.20248	Time In
1394	A960E9	\N	2025-03-26 05:26:44.430643	Time In
1395	4819E9	7	2025-03-26 05:35:07.69665	Time In
1396	08BF12	\N	2025-03-26 05:35:08.436043	Time In
1397	8872A7	\N	2025-03-26 05:35:09.103919	Time Out
1398	E62EEA	\N	2025-03-26 05:35:09.118928	Time In
1399	C2BF12	\N	2025-03-26 05:35:19.848302	Time In
1400	E22EEA	\N	2025-03-26 05:35:21.595441	Time In
1401	4C8589	\N	2025-03-26 05:35:22.049144	Time In
1402	698589	\N	2025-03-26 05:35:23.165294	Time Out
1403	1248FC	\N	2025-03-26 05:35:24.051283	Time In
1404	481929	\N	2025-03-26 05:35:24.267109	Time In
1405	481969	\N	2025-03-26 05:35:24.384234	Time Out
1406	622EEA	\N	2025-03-26 05:35:26.413555	Time Out
1407	A960E9	\N	2025-03-26 05:35:26.982548	Time In
1408	4819E9	7	2025-03-26 05:35:37.840357	Time In
1409	08BF12	\N	2025-03-26 05:35:49.09389	Time Out
1410	0C60E9	\N	2025-03-26 05:35:49.76086	Time Out
1411	C2BF12	\N	2025-03-26 05:35:51.085455	Time Out
1412	08BF12	\N	2025-03-26 05:42:33.894334	Time Out
1413	C60101	\N	2025-03-26 05:42:36.613967	Time Out
1414	C2BF12	\N	2025-03-26 05:42:37.258634	Time Out
1415	698589	\N	2025-03-26 05:42:37.781439	Time In
1416	198589	\N	2025-03-26 05:42:38.292748	Time In
1417	4C8589	\N	2025-03-26 05:42:38.735121	Time Out
1418	88BF12	\N	2025-03-26 05:42:41.41231	Time In
1419	06BF12	\N	2025-03-26 05:42:43.525315	Time In
1420	E62EAA	\N	2025-03-26 05:42:44.746564	Time In
1421	1248FC	\N	2025-03-26 05:42:45.336225	Time Out
1422	4819E9	7	2025-03-26 05:42:45.963581	Time In
1423	0C60E9	\N	2025-03-26 05:42:45.977168	Time In
1424	4819E9	7	2025-03-26 06:06:28.667817	Time In
1425	1248FC	\N	2025-03-26 06:06:28.768643	Time In
1426	481929	\N	2025-03-26 06:06:29.100561	Time In
1427	08BF12	\N	2025-03-26 06:06:30.532515	Time In
1428	A960E9	\N	2025-03-26 06:06:30.546226	Time In
1429	8872A7	\N	2025-03-26 06:06:30.968051	Time Out
1430	9872A7	\N	2025-03-26 06:06:30.982465	Time In
1431	622EEA	\N	2025-03-26 06:06:31.083793	Time In
1432	4819E9	7	2025-03-26 06:06:51.25812	Time Out
1433	08BF12	\N	2025-03-26 06:06:53.492925	Time Out
1434	622EEA	\N	2025-03-26 06:06:53.594535	Time Out
1435	4819E9	7	2025-03-26 06:08:53.942327	Time Out
1436	08BF12	\N	2025-03-26 06:09:17.170927	Time Out
1437	698589	\N	2025-03-26 06:09:17.498627	Time Out
1438	C60101	\N	2025-03-26 06:09:27.848296	Time In
1439	C2BF12	\N	2025-03-26 06:09:32.44718	Time In
1440	188589	\N	2025-03-26 06:09:39.595818	Time In
1441	88BF12	\N	2025-03-26 06:09:42.812096	Time Out
1442	08BF12	\N	2025-03-26 06:09:47.662004	Time In
1443	9872A7	\N	2025-03-26 06:10:55.715734	Time Out
1444	E62EEA	\N	2025-03-26 06:10:55.728302	Time Out
1445	4819E9	7	2025-03-26 06:10:56.047408	Time In
1446	08BF12	\N	2025-03-26 06:10:56.401384	Time In
1447	1248FC	\N	2025-03-26 06:10:56.42006	Time Out
1448	C60101	\N	2025-03-26 06:10:58.512772	Time Out
1449	C2BF12	\N	2025-03-26 06:11:09.145586	Time Out
1450	4C8589	\N	2025-03-26 06:11:10.478306	Time In
1451	698589	\N	2025-03-26 06:11:13.56133	Time In
1452	C60101	\N	2025-03-26 06:11:58.272723	Time In
1453	08BF12	\N	2025-03-26 06:12:08.694094	Time Out
1454	4819E9	7	2025-03-26 06:12:36.459779	Time Out
1455	C2BF12	\N	2025-03-26 06:12:38.541892	Time In
1456	08BF12	\N	2025-03-26 06:12:38.983578	Time In
1457	4C8589	\N	2025-03-26 06:12:47.369031	Time Out
1458	C60101	\N	2025-03-26 06:12:47.464597	Time Out
1459	698589	\N	2025-03-26 06:12:50.773454	Time Out
1460	4C8589	\N	2025-03-26 06:13:31.66797	Time In
1461	4819E9	7	2025-03-26 06:13:32.553715	Time In
1462	08BF12	\N	2025-03-26 06:13:33.766876	Time In
1463	C2BF12	\N	2025-03-26 06:13:35.226916	Time Out
1464	88BF12	\N	2025-03-26 06:13:36.450489	Time In
1465	C60101	\N	2025-03-26 06:13:40.765195	Time In
1466	69BF12	\N	2025-03-26 06:13:47.630862	Time In
1467	09BF12	\N	2025-03-26 06:13:57.501926	Time In
1468	698589	\N	2025-03-26 06:13:59.718683	Time In
1469	4C8589	\N	2025-03-26 06:14:03.031107	Time Out
1470	08BF12	\N	2025-03-26 06:14:04.345634	Time Out
1471	C2BF12	\N	2025-03-26 06:14:05.561043	Time In
1472	188589	\N	2025-03-26 06:14:22.05327	Time Out
1473	C60101	\N	2025-03-26 06:14:23.027916	Time Out
1474	02BF12	\N	2025-03-26 06:14:27.23636	Time In
1475	C66289	\N	2025-03-26 06:14:28.54829	Time In
1476	698589	\N	2025-03-26 06:14:30.43136	Time Out
1477	08BF12	\N	2025-03-26 06:14:34.404349	Time In
1478	198589	\N	2025-03-26 06:14:37.949245	Time Out
1479	C2BF12	\N	2025-03-26 06:14:40.370939	Time Out
1480	4C8589	\N	2025-03-26 06:14:41.687447	Time In
1481	09BF12	\N	2025-03-26 06:14:48.466173	Time Out
1482	02BF12	\N	2025-03-26 06:14:57.788148	Time Out
1483	C60101	\N	2025-03-26 06:14:59.435722	Time In
1484	08BF12	\N	2025-03-26 06:15:05.297153	Time In
1485	698589	\N	2025-03-26 06:15:10.376443	Time In
1486	4C8589	\N	2025-03-26 06:15:12.034066	Time In
1487	C2BF12	\N	2025-03-26 06:15:12.474592	Time Out
1488	8872A7	\N	2025-03-26 06:15:28.615694	Time In
1489	622EEA	\N	2025-03-26 06:15:28.629478	Time Out
1490	4819E9	7	2025-03-26 06:15:28.726256	Time Out
1491	C60101	\N	2025-03-26 06:15:33.510518	Time In
1492	08BF12	\N	2025-03-26 06:15:35.732086	Time Out
1493	266289	\N	2025-03-26 06:15:36.178744	Time In
1494	C2BF12	\N	2025-03-26 06:15:43.067293	Time In
1495	4C8589	\N	2025-03-26 06:15:46.587973	Time Out
1496	698589	\N	2025-03-26 06:15:49.696388	Time Out
1497	88BF12	\N	2025-03-26 06:15:51.68455	Time Out
1498	C60101	\N	2025-03-26 06:16:04.9794	Time Out
1499	08BF12	\N	2025-03-26 06:16:06.092332	Time Out
1500	4C8589	\N	2025-03-26 06:16:17.421563	Time Out
1501	C2BF12	\N	2025-03-26 06:16:20.057233	Time In
1502	698589	\N	2025-03-26 06:16:20.278086	Time Out
1503	6C8589	\N	2025-03-26 06:16:24.935127	Time In
1504	09BF12	\N	2025-03-26 06:16:29.591618	Time In
1505	02BF12	\N	2025-03-26 06:16:36.470835	Time Out
1506	08BF12	\N	2025-03-26 06:16:37.120375	Time In
1507	266289	\N	2025-03-26 06:16:49.556667	Time Out
1508	C2BF12	\N	2025-03-26 06:16:50.449025	Time Out
1509	4819E9	7	2025-03-26 06:16:50.668884	Time In
1510	862EEA	\N	2025-03-26 06:16:51.112728	Time In
1511	C60101	\N	2025-03-26 06:16:52.006988	Time In
1512	4C8589	\N	2025-03-26 06:16:53.004738	Time In
1513	88BF12	\N	2025-03-26 06:16:59.516279	Time In
1514	698589	\N	2025-03-26 06:16:59.852205	Time In
1515	04BF12	\N	2025-03-26 06:17:00.629978	Time In
1516	08BF12	\N	2025-03-26 06:17:07.375509	Time In
1517	69BF12	\N	2025-03-26 06:17:09.04438	Time Out
1518	06BF12	\N	2025-03-26 06:17:16.809128	Time Out
1519	C2BF12	\N	2025-03-26 06:17:26.904675	Time Out
1520	698589	\N	2025-03-26 06:17:30.905552	Time In
1521	4C8589	\N	2025-03-26 06:17:31.918677	Time In
1522	C60101	\N	2025-03-26 06:17:35.353498	Time In
1523	08BF12	\N	2025-03-26 06:17:38.13092	Time Out
1524	266289	\N	2025-03-26 06:17:50.392784	Time In
1525	06BF12	\N	2025-03-26 06:17:55.593626	Time In
1526	09BF12	\N	2025-03-26 06:17:57.121254	Time Out
1527	C2BF12	\N	2025-03-26 06:17:57.562742	Time In
1528	698589	\N	2025-03-26 06:18:04.883036	Time Out
1529	C60101	\N	2025-03-26 06:18:05.441704	Time Out
1530	8872A7	\N	2025-03-26 06:18:06.090573	Time Out
1531	4819E9	7	2025-03-26 06:18:06.313855	Time Out
1532	1248FC	\N	2025-03-26 06:18:07.204986	Time In
1533	08BF12	\N	2025-03-26 06:18:08.51233	Time Out
1534	04BF12	\N	2025-03-26 06:18:16.756695	Time Out
1535	29BF12	\N	2025-03-26 06:18:18.956646	Time In
1536	4C8589	\N	2025-03-26 06:18:26.919308	Time Out
1537	C2BF12	\N	2025-03-26 06:18:34.551292	Time In
1538	698589	\N	2025-03-26 06:18:35.106753	Time In
1539	C60101	\N	2025-03-26 06:18:37.324213	Time In
1540	08BF12	\N	2025-03-26 06:18:38.529631	Time In
1541	266289	\N	2025-03-26 06:18:40.53569	Time Out
1542	4C8589	\N	2025-03-26 06:18:57.974979	Time In
1543	08BF12	\N	2025-03-26 06:19:09.646766	Time In
1544	C2BF12	\N	2025-03-26 06:19:09.658199	Time Out
1545	C60101	\N	2025-03-26 06:19:10.188958	Time In
1546	088589	\N	2025-03-26 06:19:28.322886	Time In
1547	02BF12	\N	2025-03-26 06:19:31.325594	Time In
1548	698589	\N	2025-03-26 06:19:40.748468	Time In
1549	08BF12	\N	2025-03-26 06:19:45.819639	Time Out
1550	C2BF12	\N	2025-03-26 06:19:50.040713	Time In
1551	C60101	\N	2025-03-26 06:20:09.007688	Time Out
1552	02BF12	\N	2025-03-26 06:20:09.691391	Time Out
1553	84BF12	\N	2025-03-26 06:20:11.803579	Time Out
1554	08BF12	\N	2025-03-26 06:20:18.78858	Time Out
1555	698589	\N	2025-03-26 06:20:20.335409	Time Out
1556	C2BF12	\N	2025-03-26 06:20:20.790392	Time In
1557	4C8589	\N	2025-03-26 06:20:22.218701	Time In
1558	6C8589	\N	2025-03-26 06:20:24.206078	Time Out
1559	C60101	\N	2025-03-26 06:20:41.219259	Time In
1560	08BF12	\N	2025-03-26 06:21:04.660021	Time In
1561	09BF12	\N	2025-03-26 06:21:06.304897	Time In
1562	4C8589	\N	2025-03-26 06:21:11.511058	Time Out
1563	C2BF12	\N	2025-03-26 06:21:11.636441	Time Out
1564	08BF12	\N	2025-03-26 06:21:58.028084	Time Out
1565	862EEA	\N	2025-03-26 06:22:02.41911	Time Out
1566	4819E9	7	2025-03-26 06:22:02.433282	Time In
1567	08BF12	\N	2025-03-26 06:22:58.842837	Time Out
1568	C2BF12	\N	2025-03-26 06:23:26.534464	Time In
1569	698589	\N	2025-03-26 06:23:29.332659	Time In
1570	08BF12	\N	2025-03-26 06:23:39.994359	Time In
1571	C60101	\N	2025-03-26 06:23:42.408277	Time In
1572	266289	\N	2025-03-26 06:23:43.511331	Time In
1573	4C8589	\N	2025-03-26 06:23:52.51312	Time In
1574	09BF12	\N	2025-03-26 06:23:53.290626	Time Out
1575	42BF12	\N	2025-03-26 06:23:53.941923	Time In
1576	04BF12	\N	2025-03-26 06:23:56.262645	Time In
1577	C2BF12	\N	2025-03-26 06:23:57.259364	Time Out
1578	80BF12	\N	2025-03-26 06:23:58.353952	Time In
1579	88BF12	\N	2025-03-26 06:23:58.801406	Time Out
1580	698589	\N	2025-03-26 06:23:59.689307	Time Out
1581	08BF12	\N	2025-03-26 06:24:13.394849	Time Out
1582	188589	\N	2025-03-26 06:24:14.055675	Time In
1583	84BF12	\N	2025-03-26 06:24:21.106992	Time In
1584	266289	\N	2025-03-26 06:24:24.006377	Time Out
1585	4C8589	\N	2025-03-26 06:24:24.894893	Time Out
1586	088589	\N	2025-03-26 06:24:25.454462	Time Out
1587	C2BF12	\N	2025-03-26 06:24:28.007663	Time Out
1588	C66289	\N	2025-03-26 06:24:35.186828	Time Out
1589	C60101	\N	2025-03-26 06:24:36.834109	Time Out
1590	02BF12	\N	2025-03-26 06:24:38.282013	Time In
1591	698589	\N	2025-03-26 06:24:40.854709	Time Out
1592	08BF12	\N	2025-03-26 06:24:45.517555	Time In
1593	88BF12	\N	2025-03-26 06:24:47.187984	Time In
1594	84BF12	\N	2025-03-26 06:24:53.501549	Time Out
1595	C2BF12	\N	2025-03-26 06:24:58.047813	Time In
1596	C60101	\N	2025-03-26 06:25:08.546563	Time In
1597	4C8589	\N	2025-03-26 06:25:12.029271	Time In
1598	06BF12	\N	2025-03-26 06:25:14.824311	Time In
1599	698589	\N	2025-03-26 06:25:16.629655	Time In
1600	08BF12	\N	2025-03-26 06:25:18.284165	Time In
1601	C2BF12	\N	2025-03-26 06:25:31.666109	Time In
1602	188589	\N	2025-03-26 06:25:40.650178	Time Out
1603	C60101	\N	2025-03-26 06:25:42.504703	Time Out
1604	80BF12	\N	2025-03-26 06:25:44.254519	Time Out
1605	A960E9	\N	2025-03-26 06:25:44.269944	Time Out
1606	4819E9	7	2025-03-26 06:25:44.366895	Time Out
1607	1248FC	\N	2025-03-26 06:25:44.378884	Time Out
1608	E62EEA	\N	2025-03-26 06:25:44.902637	Time In
1609	0C60E9	\N	2025-03-26 06:25:45.242919	Time Out
1610	C819E9	\N	2025-03-26 06:25:46.432607	Time In
1611	481969	\N	2025-03-26 06:25:46.768304	Time Out
1612	C62EAA	\N	2025-03-26 06:25:47.307699	Time In
1613	481929	\N	2025-03-26 06:25:47.528351	Time Out
1614	08BF12	\N	2025-03-26 06:25:49.389426	Time Out
1615	8872A7	\N	2025-03-26 06:25:49.50191	Time In
1616	622EAA	\N	2025-03-26 06:25:53.673739	Time Out
1617	698589	\N	2025-03-26 06:26:00.399565	Time Out
1618	4C8589	\N	2025-03-26 06:26:00.953522	Time Out
1619	04BF12	\N	2025-03-26 06:26:03.259184	Time Out
1620	C2BF12	\N	2025-03-26 06:26:03.372479	Time Out
1621	4819E9	7	2025-03-26 06:44:29.983235	Time In
1622	481969	\N	2025-03-26 06:44:30.173927	Time In
1623	1248FC	\N	2025-03-26 06:44:30.190704	Time In
1624	08BF12	\N	2025-03-26 06:44:30.284196	Time Out
1625	481929	\N	2025-03-26 06:44:30.500783	Time In
1626	8872A7	\N	2025-03-26 06:44:37.522962	Time Out
1627	E62EEA	\N	2025-03-26 06:44:37.629064	Time Out
1628	4819E9	7	2025-03-26 06:45:06.92422	Time Out
1629	08BF12	\N	2025-03-26 06:45:14.425477	Time In
1630	1248FC	\N	2025-03-26 06:45:14.532034	Time Out
1631	A960E9	\N	2025-03-26 06:45:14.763809	Time In
1632	481929	\N	2025-03-26 06:45:15.796644	Time Out
1633	622EEA	\N	2025-03-26 06:45:16.2555	Time In
\.


--
-- Data for Name: proprietors; Type: TABLE DATA; Schema: public; Owner: postgres
--

COPY public.proprietors (proprietor_id, first_name, last_name) FROM stdin;
1	wgq	wqg
2	Juan	Luna
3	iyguigu	igiguu
4	ilhll	lhjkhkh
5	efwe	efwewef
6	qwfwq	wqfwqf
\.


--
-- Data for Name: roles; Type: TABLE DATA; Schema: public; Owner: postgres
--

COPY public.roles (role_id, role_name) FROM stdin;
1	admin
2	viewer
\.


--
-- Data for Name: users; Type: TABLE DATA; Schema: public; Owner: postgres
--

COPY public.users (user_id, username, password, role_id) FROM stdin;
2	viewer	1234	2
1	admin	admin	1
\.


--
-- Data for Name: vehicles; Type: TABLE DATA; Schema: public; Owner: postgres
--

COPY public.vehicles (vehicle_id, plate_id, plate_number, model, proprietor_id, driver_id, registered_at) FROM stdin;
1	qgw	qg	wqg	1	7	2025-02-11 02:14:02.352833
2	321-CBA	321-CBA	Sedan	2	8	2025-02-11 22:18:07.404768
6	wfwq	wqfwqf	wfq	6	16	2025-03-10 05:31:15.951399
\.


--
-- Name: drivers_driver_id_seq; Type: SEQUENCE SET; Schema: public; Owner: postgres
--

SELECT pg_catalog.setval('public.drivers_driver_id_seq', 16, true);


--
-- Name: login_log_login_id_seq; Type: SEQUENCE SET; Schema: public; Owner: postgres
--

SELECT pg_catalog.setval('public.login_log_login_id_seq', 344, true);


--
-- Name: logs_log_id_seq; Type: SEQUENCE SET; Schema: public; Owner: postgres
--

SELECT pg_catalog.setval('public.logs_log_id_seq', 1633, true);


--
-- Name: proprietors_proprietor_id_seq; Type: SEQUENCE SET; Schema: public; Owner: postgres
--

SELECT pg_catalog.setval('public.proprietors_proprietor_id_seq', 6, true);


--
-- Name: roles_role_id_seq; Type: SEQUENCE SET; Schema: public; Owner: postgres
--

SELECT pg_catalog.setval('public.roles_role_id_seq', 2, true);


--
-- Name: users_user_id_seq; Type: SEQUENCE SET; Schema: public; Owner: postgres
--

SELECT pg_catalog.setval('public.users_user_id_seq', 2, true);


--
-- Name: vehicles_vehicle_id_seq; Type: SEQUENCE SET; Schema: public; Owner: postgres
--

SELECT pg_catalog.setval('public.vehicles_vehicle_id_seq', 6, true);


--
-- Name: drivers drivers_driver_code_key; Type: CONSTRAINT; Schema: public; Owner: postgres
--

ALTER TABLE ONLY public.drivers
    ADD CONSTRAINT drivers_driver_code_key UNIQUE (driver_code);


--
-- Name: drivers drivers_driver_license_no_key; Type: CONSTRAINT; Schema: public; Owner: postgres
--

ALTER TABLE ONLY public.drivers
    ADD CONSTRAINT drivers_driver_license_no_key UNIQUE (driver_license_no);


--
-- Name: drivers drivers_pkey; Type: CONSTRAINT; Schema: public; Owner: postgres
--

ALTER TABLE ONLY public.drivers
    ADD CONSTRAINT drivers_pkey PRIMARY KEY (driver_id);


--
-- Name: login_log login_log_pkey; Type: CONSTRAINT; Schema: public; Owner: postgres
--

ALTER TABLE ONLY public.login_log
    ADD CONSTRAINT login_log_pkey PRIMARY KEY (login_id);


--
-- Name: logs logs_pkey; Type: CONSTRAINT; Schema: public; Owner: postgres
--

ALTER TABLE ONLY public.logs
    ADD CONSTRAINT logs_pkey PRIMARY KEY (log_id);


--
-- Name: proprietors proprietors_pkey; Type: CONSTRAINT; Schema: public; Owner: postgres
--

ALTER TABLE ONLY public.proprietors
    ADD CONSTRAINT proprietors_pkey PRIMARY KEY (proprietor_id);


--
-- Name: roles roles_pkey; Type: CONSTRAINT; Schema: public; Owner: postgres
--

ALTER TABLE ONLY public.roles
    ADD CONSTRAINT roles_pkey PRIMARY KEY (role_id);


--
-- Name: users users_pkey; Type: CONSTRAINT; Schema: public; Owner: postgres
--

ALTER TABLE ONLY public.users
    ADD CONSTRAINT users_pkey PRIMARY KEY (user_id);


--
-- Name: users users_username_key; Type: CONSTRAINT; Schema: public; Owner: postgres
--

ALTER TABLE ONLY public.users
    ADD CONSTRAINT users_username_key UNIQUE (username);


--
-- Name: vehicles vehicles_pkey; Type: CONSTRAINT; Schema: public; Owner: postgres
--

ALTER TABLE ONLY public.vehicles
    ADD CONSTRAINT vehicles_pkey PRIMARY KEY (vehicle_id);


--
-- Name: vehicles vehicles_plate_id_key; Type: CONSTRAINT; Schema: public; Owner: postgres
--

ALTER TABLE ONLY public.vehicles
    ADD CONSTRAINT vehicles_plate_id_key UNIQUE (plate_id);


--
-- Name: vehicles vehicles_plate_number_key; Type: CONSTRAINT; Schema: public; Owner: postgres
--

ALTER TABLE ONLY public.vehicles
    ADD CONSTRAINT vehicles_plate_number_key UNIQUE (plate_number);


--
-- Name: idx_driver_code; Type: INDEX; Schema: public; Owner: postgres
--

CREATE INDEX idx_driver_code ON public.drivers USING btree (driver_code);


--
-- Name: idx_driver_id; Type: INDEX; Schema: public; Owner: postgres
--

CREATE INDEX idx_driver_id ON public.vehicles USING btree (driver_id);


--
-- Name: idx_driver_license_no; Type: INDEX; Schema: public; Owner: postgres
--

CREATE INDEX idx_driver_license_no ON public.drivers USING btree (driver_license_no);


--
-- Name: idx_proprietor_id; Type: INDEX; Schema: public; Owner: postgres
--

CREATE INDEX idx_proprietor_id ON public.vehicles USING btree (proprietor_id);


--
-- Name: idx_role_id; Type: INDEX; Schema: public; Owner: postgres
--

CREATE INDEX idx_role_id ON public.users USING btree (role_id);


--
-- Name: idx_user_id; Type: INDEX; Schema: public; Owner: postgres
--

CREATE INDEX idx_user_id ON public.login_log USING btree (user_id);


--
-- Name: vehicles fk_driver; Type: FK CONSTRAINT; Schema: public; Owner: postgres
--

ALTER TABLE ONLY public.vehicles
    ADD CONSTRAINT fk_driver FOREIGN KEY (driver_id) REFERENCES public.drivers(driver_id);


--
-- Name: vehicles fk_proprietor; Type: FK CONSTRAINT; Schema: public; Owner: postgres
--

ALTER TABLE ONLY public.vehicles
    ADD CONSTRAINT fk_proprietor FOREIGN KEY (proprietor_id) REFERENCES public.proprietors(proprietor_id);


--
-- Name: users fk_role; Type: FK CONSTRAINT; Schema: public; Owner: postgres
--

ALTER TABLE ONLY public.users
    ADD CONSTRAINT fk_role FOREIGN KEY (role_id) REFERENCES public.roles(role_id);


--
-- Name: login_log fk_user; Type: FK CONSTRAINT; Schema: public; Owner: postgres
--

ALTER TABLE ONLY public.login_log
    ADD CONSTRAINT fk_user FOREIGN KEY (user_id) REFERENCES public.users(user_id);


--
-- Name: logs logs_driver_id_fkey; Type: FK CONSTRAINT; Schema: public; Owner: postgres
--

ALTER TABLE ONLY public.logs
    ADD CONSTRAINT logs_driver_id_fkey FOREIGN KEY (driver_id) REFERENCES public.drivers(driver_id);


--
-- PostgreSQL database dump complete
--

